,invoiceId,defectiveItem
0,327260,rock
1,944594,paper
2,438539,paper
3,917462,rock
4,549604,scissor
5,590064,rock
6,413677,scissor
7,887352,scissor
8,664798,scissor
9,227424,paper
10,52602,rock
11,170478,rock
12,317466,paper
13,160963,rock
14,11778,paper
15,657791,paper
16,648815,rock
17,478358,rock
18,964289,scissor
19,713078,paper
20,677535,paper
21,154406,paper
22,488223,rock
23,641849,rock
24,326008,scissor
25,584583,scissor
26,332066,rock
27,774552,rock
28,439810,scissor
29,876612,paper
30,39910,rock
31,359440,paper
32,45238,paper
33,974237,paper
34,399253,paper
35,963105,scissor
36,373849,scissor
37,853702,paper
38,50743,scissor
39,55103,scissor
40,70597,scissor
41,651221,paper
42,362154,rock
43,848300,rock
44,108350,scissor
45,949045,scissor
46,831615,paper
47,153269,rock
48,596801,scissor
49,126419,rock
50,674218,scissor
51,980280,scissor
52,738390,scissor
53,272722,paper
54,274084,scissor
55,933303,paper
56,885745,rock
57,439895,scissor
58,416198,scissor
59,537824,rock
60,16490,scissor
61,135343,rock
62,537790,rock
63,71086,paper
64,121342,paper
65,79344,rock
66,421164,rock
67,273376,rock
68,910022,scissor
69,725170,scissor
70,213222,paper
71,268948,scissor
72,39889,rock
73,431179,rock
74,633118,scissor
75,634068,rock
76,467166,scissor
77,204266,rock
78,448254,scissor
79,881514,paper
80,656902,scissor
81,842743,paper
82,423424,paper
83,498606,scissor
84,613475,rock
85,669113,paper
86,547874,paper
87,604314,scissor
88,251611,paper
89,469592,paper
90,557540,scissor
91,171327,paper
92,554876,paper
93,933207,scissor
94,858161,paper
95,402913,paper
96,309971,paper
97,556226,rock
98,255693,scissor
99,155430,paper
100,580893,rock
101,253766,paper
102,641339,scissor
103,750217,paper
104,459626,scissor
105,762199,scissor
106,653230,rock
107,970859,scissor
108,615256,paper
109,203860,paper
110,969775,scissor
111,393001,scissor
112,390813,rock
113,768956,paper
114,198958,scissor
115,164626,rock
116,303579,scissor
117,604280,paper
118,474265,rock
119,928297,rock
120,145441,scissor
121,748095,rock
122,269888,rock
123,86863,scissor
124,110,scissor
125,906958,scissor
126,445694,rock
127,161167,scissor
128,430995,rock
129,554193,paper
130,434734,rock
131,893370,scissor
132,345699,paper
133,843011,paper
134,744750,rock
135,721685,rock
136,51614,scissor
137,523225,scissor
138,342704,rock
139,669781,rock
140,859961,paper
141,886746,scissor
142,355552,scissor
143,130384,scissor
144,522892,paper
145,528008,scissor
146,174860,scissor
147,152850,paper
148,692080,paper
149,73047,paper
150,39690,rock
151,646454,rock
152,558065,rock
153,261207,paper
154,982076,scissor
155,355808,scissor
156,693,paper
157,745657,scissor
158,206631,scissor
159,456849,rock
160,89763,rock
161,923742,paper
162,343452,scissor
163,155669,rock
164,908258,scissor
165,208327,rock
166,670988,rock
167,207946,paper
168,706254,rock
169,39582,scissor
170,105656,scissor
171,562694,scissor
172,407620,rock
173,991657,paper
174,984575,scissor
175,232962,rock
176,447313,rock
177,791783,paper
178,664038,scissor
179,796512,paper
180,332186,scissor
181,14405,rock
182,965911,paper
183,95865,paper
184,642397,rock
185,27640,paper
186,345482,rock
187,949679,rock
188,670598,rock
189,623539,paper
190,160236,scissor
191,788211,rock
192,332814,rock
193,304255,scissor
194,920719,paper
195,220415,paper
196,181585,scissor
197,171545,rock
198,657650,rock
199,389974,paper
200,330660,rock
201,947763,rock
202,573436,paper
203,936385,paper
204,82207,paper
205,422781,rock
206,601333,paper
207,352519,rock
208,28221,paper
209,420797,rock
210,182741,scissor
211,775152,scissor
212,904721,paper
213,641895,rock
214,79663,rock
215,857684,rock
216,114876,scissor
217,336283,paper
218,791115,scissor
219,474971,paper
220,191821,rock
221,635326,scissor
222,808000,paper
223,673646,paper
224,948699,rock
225,44415,paper
226,431277,paper
227,879665,paper
228,588949,paper
229,647964,scissor
230,994528,rock
231,749181,rock
232,479927,paper
233,267354,paper
234,246449,scissor
235,612255,paper
236,387118,paper
237,164852,scissor
238,918706,paper
239,992777,scissor
240,67988,paper
241,787314,scissor
242,840472,rock
243,748468,paper
244,920065,rock
245,742232,scissor
246,189543,paper
247,966836,rock
248,305384,rock
249,460065,rock
250,378248,rock
251,325481,paper
252,522615,rock
253,426770,rock
254,166247,rock
255,541544,paper
256,816121,rock
257,704453,rock
258,636254,rock
259,422264,paper
260,691694,scissor
261,985923,paper
262,874983,rock
263,515491,paper
264,63078,scissor
265,434261,rock
266,365105,paper
267,519737,scissor
268,404740,paper
269,741265,paper
270,263855,rock
271,984452,rock
272,281214,paper
273,868355,paper
274,13678,scissor
275,760927,paper
276,891901,scissor
277,470239,scissor
278,373886,rock
279,384253,rock
280,875181,paper
281,294423,rock
282,663894,paper
283,283069,scissor
284,592725,rock
285,391050,paper
286,260455,scissor
287,649981,paper
288,645465,paper
289,941892,rock
290,792220,rock
291,231908,paper
292,961704,scissor
293,100072,rock
294,299246,rock
295,188501,rock
296,62050,scissor
297,431613,scissor
298,445741,scissor
299,769159,paper
300,532759,scissor
301,943178,rock
302,504967,scissor
303,254974,paper
304,450676,scissor
305,176498,scissor
306,312375,rock
307,71987,rock
308,268640,rock
309,327257,scissor
310,573920,rock
311,409015,scissor
312,167061,scissor
313,834688,scissor
314,518569,scissor
315,335279,scissor
316,515177,paper
317,462887,scissor
318,660095,scissor
319,341755,scissor
320,323098,paper
321,145933,rock
322,31005,paper
323,219999,scissor
324,237349,paper
325,554515,paper
326,991606,paper
327,707464,paper
328,576166,paper
329,658418,scissor
330,760031,scissor
331,785419,scissor
332,969322,rock
333,434054,rock
334,591355,paper
335,638118,rock
336,800613,paper
337,550408,scissor
338,573549,paper
339,132072,scissor
340,381281,scissor
341,460825,paper
342,824742,rock
343,105665,scissor
344,585563,paper
345,736633,scissor
346,570322,rock
347,101738,scissor
348,139580,rock
349,637609,rock
350,53584,scissor
351,348635,scissor
352,924546,rock
353,992835,paper
354,630895,rock
355,810370,paper
356,908625,scissor
357,176718,paper
358,496070,paper
359,969248,paper
360,295392,scissor
361,780050,paper
362,641495,rock
363,654784,scissor
364,392885,rock
365,998614,rock
366,797253,scissor
367,114096,scissor
368,635966,paper
369,640863,scissor
370,885809,paper
371,813915,scissor
372,405603,paper
373,289221,paper
374,859077,scissor
375,306642,rock
376,368415,rock
377,391871,paper
378,661252,paper
379,473796,paper
380,980038,rock
381,845344,rock
382,954035,paper
383,89566,scissor
384,384974,rock
385,972218,rock
386,696056,rock
387,362081,rock
388,87415,scissor
389,271442,paper
390,985586,paper
391,163105,scissor
392,612722,scissor
393,995326,paper
394,965026,rock
395,408681,rock
396,387721,paper
397,635951,paper
398,136820,scissor
399,220807,scissor
400,831218,scissor
401,207138,paper
402,833620,rock
403,19777,scissor
404,306015,paper
405,163281,scissor
406,737141,rock
407,906541,scissor
408,707596,scissor
409,463161,rock
410,531852,scissor
411,983884,scissor
412,961022,paper
413,721956,scissor
414,627535,scissor
415,166193,paper
416,539904,scissor
417,774907,paper
418,645864,scissor
419,267579,scissor
420,907099,paper
421,354103,rock
422,865930,paper
423,992172,paper
424,474758,paper
425,957877,rock
426,489772,scissor
427,472836,rock
428,512739,rock
429,259437,rock
430,840548,paper
431,639629,rock
432,430756,scissor
433,148138,scissor
434,659203,rock
435,143850,scissor
436,659585,rock
437,229039,scissor
438,106820,paper
439,125417,rock
440,647401,scissor
441,531034,paper
442,649993,scissor
443,884958,scissor
444,36496,rock
445,998238,rock
446,931196,scissor
447,905343,paper
448,239708,rock
449,2022,rock
450,865744,rock
451,558262,scissor
452,446839,rock
453,661496,scissor
454,393325,scissor
455,804994,paper
456,267774,rock
457,510861,paper
458,579763,rock
459,715597,paper
460,370559,scissor
461,397558,scissor
462,994548,rock
463,1173,paper
464,560281,paper
465,187105,paper
466,867476,paper
467,82383,scissor
468,810086,rock
469,978974,paper
470,479877,scissor
471,11872,rock
472,974285,paper
473,504742,paper
474,45184,paper
475,52707,paper
476,555357,rock
477,301859,rock
478,29736,paper
479,990322,paper
480,558288,rock
481,495765,scissor
482,893493,scissor
483,396450,paper
484,69529,rock
485,273851,paper
486,93056,scissor
487,192994,scissor
488,610982,rock
489,575735,scissor
490,911069,paper
491,81968,rock
492,524209,paper
493,483252,scissor
494,398725,scissor
495,372099,scissor
496,602678,rock
497,810477,rock
498,375054,rock
499,613368,rock
500,137766,scissor
501,66144,scissor
502,242349,rock
503,15034,rock
504,203968,paper
505,891430,scissor
506,184417,scissor
507,780062,rock
508,112300,rock
509,413647,paper
510,826610,rock
511,764002,paper
512,864547,paper
513,85447,scissor
514,393294,rock
515,421782,paper
516,441280,rock
517,411869,rock
518,777280,rock
519,823676,rock
520,900193,paper
521,798508,rock
522,379390,scissor
523,988553,scissor
524,375127,paper
525,110559,rock
526,940902,rock
527,969150,paper
528,409945,scissor
529,142319,rock
530,889249,rock
531,691460,paper
532,293971,rock
533,133383,paper
534,706409,paper
535,570670,rock
536,702940,paper
537,759597,rock
538,227832,paper
539,840051,rock
540,409994,scissor
541,949546,rock
542,818332,scissor
543,861641,scissor
544,938658,rock
545,519289,rock
546,525949,rock
547,159207,paper
548,125926,rock
549,644593,rock
550,655008,rock
551,929195,paper
552,641097,paper
553,115623,paper
554,410995,rock
555,47345,paper
556,359332,paper
557,320858,scissor
558,284628,paper
559,825496,rock
560,444167,scissor
561,276964,scissor
562,726835,paper
563,403650,rock
564,816699,paper
565,896773,paper
566,18113,rock
567,525782,scissor
568,414870,rock
569,353921,scissor
570,834376,rock
571,200412,paper
572,530661,scissor
573,545646,scissor
574,684520,scissor
575,469112,scissor
576,163322,rock
577,494278,scissor
578,870685,paper
579,676251,scissor
580,771003,scissor
581,137555,paper
582,816150,paper
583,446928,paper
584,500613,rock
585,733467,scissor
586,953304,paper
587,361524,paper
588,135090,rock
589,715441,scissor
590,621394,paper
591,723435,rock
592,627072,rock
593,903775,scissor
594,335632,scissor
595,662323,scissor
596,466057,scissor
597,690742,rock
598,763434,scissor
599,450763,rock
600,188005,paper
601,737306,paper
602,996031,rock
603,845371,paper
604,569692,scissor
605,988313,scissor
606,963357,rock
607,525617,scissor
608,719233,scissor
609,684773,scissor
610,247824,scissor
611,737046,scissor
612,731909,rock
613,364755,paper
614,403507,scissor
615,416312,rock
616,153349,paper
617,405204,rock
618,952698,paper
619,153230,rock
620,303974,rock
621,645170,rock
622,134154,scissor
623,472394,rock
624,55598,rock
625,453628,paper
626,936269,rock
627,77042,rock
628,945147,scissor
629,552980,scissor
630,654137,rock
631,189770,paper
632,986812,paper
633,167503,paper
634,171840,scissor
635,819557,rock
636,496289,paper
637,503090,paper
638,152439,paper
639,593640,scissor
640,577849,paper
641,237643,scissor
642,502419,paper
643,73468,scissor
644,482951,scissor
645,75990,scissor
646,108625,rock
647,692351,paper
648,134998,paper
649,859036,paper
650,993909,scissor
651,896419,paper
652,841700,rock
653,536313,paper
654,983572,scissor
655,457782,scissor
656,624724,paper
657,997968,scissor
658,26389,paper
659,286688,paper
660,258509,rock
661,856230,rock
662,67015,paper
663,66959,scissor
664,542661,scissor
665,239430,rock
666,14611,scissor
667,908021,scissor
668,628256,paper
669,763751,scissor
670,200136,scissor
671,455142,paper
672,184330,paper
673,636032,scissor
674,362672,paper
675,915088,rock
676,191959,rock
677,774137,paper
678,311846,paper
679,938234,rock
680,34424,paper
681,675126,paper
682,951862,rock
683,757938,rock
684,508061,rock
685,496002,rock
686,955571,rock
687,288838,rock
688,436617,paper
689,354108,rock
690,781128,paper
691,952681,paper
692,296274,paper
693,307224,paper
694,749461,rock
695,933003,scissor
696,792032,paper
697,359379,scissor
698,675813,paper
699,679626,rock
700,258115,paper
701,650559,scissor
702,959231,scissor
703,244871,paper
704,257333,scissor
705,1893,rock
706,901127,paper
707,870660,rock
708,235314,scissor
709,863873,paper
710,542779,rock
711,781765,rock
712,514886,scissor
713,993651,scissor
714,667295,paper
715,772472,rock
716,691792,scissor
717,661640,paper
718,866032,paper
719,781191,scissor
720,645357,scissor
721,190076,scissor
722,417323,rock
723,978169,paper
724,888930,scissor
725,935898,scissor
726,703179,scissor
727,308622,rock
728,58997,rock
729,229265,rock
730,147974,rock
731,664309,rock
732,716922,rock
733,180956,rock
734,405054,paper
735,91211,rock
736,185986,rock
737,366892,paper
738,188332,rock
739,684398,rock
740,186421,rock
741,544753,paper
742,543220,scissor
743,688968,rock
744,257089,scissor
745,175830,rock
746,258264,scissor
747,254696,rock
748,737128,paper
749,907544,paper
750,64498,paper
751,46580,scissor
752,411567,paper
753,333894,rock
754,519762,paper
755,659812,scissor
756,459631,scissor
757,587824,scissor
758,380124,rock
759,246673,paper
760,869135,scissor
761,903600,rock
762,543221,paper
763,702249,scissor
764,404911,scissor
765,501361,rock
766,763346,scissor
767,622781,paper
768,226122,paper
769,948355,scissor
770,131709,paper
771,127971,rock
772,248984,scissor
773,758175,paper
774,377943,rock
775,792458,rock
776,878893,paper
777,941493,rock
778,295537,scissor
779,677709,scissor
780,946276,rock
781,416009,rock
782,970040,scissor
783,232455,paper
784,225682,scissor
785,800896,paper
786,927476,scissor
787,964821,scissor
788,540912,scissor
789,197031,rock
790,166948,rock
791,297842,scissor
792,445413,scissor
793,791176,scissor
794,275966,paper
795,849619,paper
796,430534,scissor
797,664964,paper
798,901471,scissor
799,848431,scissor
800,999552,scissor
801,162499,paper
802,211839,rock
803,327663,rock
804,384090,scissor
805,36985,paper
806,222356,rock
807,827373,scissor
808,36689,scissor
809,941597,rock
810,382054,scissor
811,710032,rock
812,528500,rock
813,102543,paper
814,108109,rock
815,617107,rock
816,348218,rock
817,350361,scissor
818,526999,rock
819,845842,scissor
820,827413,scissor
821,490326,scissor
822,994431,paper
823,22991,rock
824,308382,paper
825,64943,rock
826,408436,rock
827,441617,scissor
828,902969,rock
829,137707,rock
830,403224,paper
831,400201,paper
832,195082,rock
833,478412,rock
834,699525,rock
835,47548,scissor
836,268174,paper
837,327586,paper
838,165475,rock
839,771671,scissor
840,609676,rock
841,956427,scissor
842,582655,scissor
843,684309,paper
844,372729,scissor
845,728568,paper
846,814971,scissor
847,411508,scissor
848,162950,scissor
849,362686,scissor
850,889641,paper
851,790373,paper
852,773513,scissor
853,826410,rock
854,116047,rock
855,530656,paper
856,600191,rock
857,160198,paper
858,539925,paper
859,698705,scissor
860,450966,paper
861,11147,rock
862,158632,rock
863,856626,paper
864,472220,paper
865,305471,paper
866,285479,paper
867,730346,paper
868,733705,rock
869,751326,rock
870,758620,rock
871,917424,rock
872,446608,scissor
873,916732,rock
874,871437,paper
875,550936,rock
876,250605,rock
877,483385,scissor
878,399563,scissor
879,217074,rock
880,354510,scissor
881,214136,scissor
882,577513,paper
883,661192,rock
884,590306,scissor
885,970732,scissor
886,737328,scissor
887,467386,paper
888,154585,paper
889,881237,scissor
890,933954,paper
891,109735,rock
892,272323,rock
893,231688,paper
894,678667,rock
895,211941,rock
896,466735,paper
897,389985,rock
898,649529,scissor
899,740367,scissor
900,239148,paper
901,939689,scissor
902,559522,paper
903,911819,rock
904,210176,scissor
905,267801,paper
906,472459,rock
907,804851,paper
908,260357,paper
909,292775,scissor
910,200900,scissor
911,773962,paper
912,781262,rock
913,259248,scissor
914,748650,scissor
915,474070,scissor
916,824452,scissor
917,242579,rock
918,761639,rock
919,84522,paper
920,223757,paper
921,472409,paper
922,679516,rock
923,101990,rock
924,15150,rock
925,115414,scissor
926,414867,paper
927,524340,paper
928,702114,paper
929,918979,scissor
930,944502,scissor
931,11622,rock
932,207826,paper
933,223744,scissor
934,469052,paper
935,171582,rock
936,685876,paper
937,226860,rock
938,203577,rock
939,673398,rock
940,174325,scissor
941,357680,paper
942,18783,rock
943,325121,rock
944,617552,rock
945,418651,scissor
946,638189,paper
947,55449,scissor
948,20628,paper
949,664919,scissor
950,684350,scissor
951,335437,paper
952,547108,paper
953,899655,paper
954,224558,rock
955,12241,rock
956,146674,paper
957,50058,scissor
958,697488,scissor
959,47751,paper
960,442673,rock
961,200855,rock
962,828297,scissor
963,237785,paper
964,234425,scissor
965,342468,rock
966,287084,scissor
967,667333,scissor
968,45243,paper
969,751857,rock
970,927362,paper
971,810265,rock
972,506842,scissor
973,790980,scissor
974,409413,paper
975,621204,paper
976,27193,rock
977,459903,paper
978,121565,rock
979,602927,scissor
980,576494,paper
981,939920,paper
982,828461,rock
983,301000,rock
984,437657,rock
985,543278,rock
986,963820,rock
987,153551,scissor
988,701156,scissor
989,396331,paper
990,750268,rock
991,679832,scissor
992,884455,scissor
993,719586,scissor
994,171160,scissor
995,15172,rock
996,746237,scissor
997,492283,rock
998,190792,scissor
999,773497,scissor
1000,331227,scissor
1001,561427,rock
1002,669116,paper
1003,373631,scissor
1004,726388,rock
1005,176894,rock
1006,339337,scissor
1007,420089,paper
1008,304594,paper
1009,590287,rock
1010,751807,paper
1011,325270,scissor
1012,732760,rock
1013,397251,scissor
1014,704882,rock
1015,127261,rock
1016,407572,paper
1017,232414,rock
1018,632484,paper
1019,231623,rock
1020,68436,scissor
1021,199494,scissor
1022,419934,paper
1023,914633,scissor
1024,47689,paper
1025,825921,rock
1026,15329,paper
1027,952044,rock
1028,426817,scissor
1029,308094,scissor
1030,41550,paper
1031,512402,paper
1032,405811,rock
1033,568614,scissor
1034,842522,rock
1035,233652,paper
1036,895176,rock
1037,690242,paper
1038,536261,scissor
1039,126074,scissor
1040,709856,scissor
1041,900066,paper
1042,305183,paper
1043,970035,scissor
1044,496176,rock
1045,709617,paper
1046,67931,scissor
1047,66726,paper
1048,513311,rock
1049,115200,scissor
1050,491317,scissor
1051,151736,scissor
1052,916099,paper
1053,707621,paper
1054,86070,rock
1055,867679,rock
1056,886742,scissor
1057,189676,rock
1058,487871,paper
1059,640840,scissor
1060,812133,rock
1061,56574,scissor
1062,213110,rock
1063,782380,scissor
1064,519924,rock
1065,712966,rock
1066,53075,paper
1067,816984,scissor
1068,994070,rock
1069,6030,paper
1070,576039,rock
1071,636624,paper
1072,632077,scissor
1073,942501,paper
1074,861936,paper
1075,943011,paper
1076,377443,paper
1077,758341,scissor
1078,417582,paper
1079,144058,scissor
1080,394624,paper
1081,811757,paper
1082,254803,paper
1083,260365,scissor
1084,606561,rock
1085,838335,scissor
1086,48490,scissor
1087,104833,scissor
1088,162188,paper
1089,832834,paper
1090,717492,scissor
1091,854991,paper
1092,190679,scissor
1093,531323,rock
1094,195210,paper
1095,936190,paper
1096,988439,scissor
1097,876152,rock
1098,681632,scissor
1099,684046,scissor
1100,368276,paper
1101,183763,scissor
1102,308277,rock
1103,59389,paper
1104,847998,paper
1105,845157,paper
1106,831270,rock
1107,756085,paper
1108,692050,rock
1109,744925,rock
1110,179590,scissor
1111,848742,paper
1112,801608,paper
1113,727683,rock
1114,930770,rock
1115,883860,scissor
1116,945306,scissor
1117,189063,paper
1118,123732,scissor
1119,482036,rock
1120,265088,scissor
1121,676473,rock
1122,749277,scissor
1123,436035,rock
1124,280367,paper
1125,443472,scissor
1126,934197,rock
1127,943653,scissor
1128,476076,paper
1129,93238,paper
1130,303898,paper
1131,18674,rock
1132,326514,scissor
1133,947319,scissor
1134,377244,rock
1135,220966,paper
1136,519641,rock
1137,951144,scissor
1138,748044,paper
1139,859528,rock
1140,471569,scissor
1141,23406,scissor
1142,509868,scissor
1143,330234,paper
1144,605878,scissor
1145,985584,scissor
1146,322379,paper
1147,935600,rock
1148,843353,rock
1149,848066,rock
1150,67537,paper
1151,93756,scissor
1152,537108,rock
1153,620575,scissor
1154,931441,scissor
1155,303695,paper
1156,740884,paper
1157,778743,scissor
1158,315924,rock
1159,634312,rock
1160,127580,paper
1161,674794,paper
1162,932850,paper
1163,660357,scissor
1164,685436,scissor
1165,734266,scissor
1166,253538,rock
1167,681759,scissor
1168,146348,paper
1169,772458,rock
1170,969079,scissor
1171,546378,scissor
1172,882588,rock
1173,179043,scissor
1174,413517,rock
1175,698213,scissor
1176,558947,paper
1177,613610,scissor
1178,485215,scissor
1179,35630,rock
1180,548222,rock
1181,545884,rock
1182,270006,scissor
1183,877089,rock
1184,932603,scissor
1185,111144,paper
1186,359796,rock
1187,632187,paper
1188,873557,paper
1189,742316,scissor
1190,636804,scissor
1191,582293,paper
1192,350096,rock
1193,967049,rock
1194,88386,paper
1195,6597,scissor
1196,421217,paper
1197,786390,paper
1198,369431,scissor
1199,805616,rock
1200,874669,scissor
1201,167981,rock
1202,546479,rock
1203,269435,rock
1204,327756,scissor
1205,210065,rock
1206,95874,scissor
1207,554206,paper
1208,617725,rock
1209,111432,rock
1210,289135,scissor
1211,720611,scissor
1212,416807,scissor
1213,720252,rock
1214,566396,rock
1215,790384,rock
1216,973812,paper
1217,561333,paper
1218,386811,paper
1219,936498,rock
1220,335011,paper
1221,654525,rock
1222,934694,paper
1223,972563,rock
1224,285203,scissor
1225,727877,rock
1226,424681,rock
1227,68481,rock
1228,829970,scissor
1229,221178,paper
1230,786006,paper
1231,108175,paper
1232,383985,rock
1233,176904,rock
1234,267523,rock
1235,809430,rock
1236,308210,scissor
1237,529652,scissor
1238,221871,scissor
1239,344164,rock
1240,898556,paper
1241,451171,rock
1242,92873,scissor
1243,188915,paper
1244,602346,paper
1245,593411,scissor
1246,933032,rock
1247,379525,scissor
1248,947362,scissor
1249,944720,paper
1250,216344,rock
1251,211398,paper
1252,10346,paper
1253,503037,paper
1254,73346,scissor
1255,186472,scissor
1256,89766,rock
1257,546828,rock
1258,632929,rock
1259,306324,scissor
1260,682144,rock
1261,206221,scissor
1262,971051,scissor
1263,19490,scissor
1264,895829,rock
1265,16980,rock
1266,117467,paper
1267,768733,rock
1268,919355,rock
1269,701584,scissor
1270,306192,paper
1271,764574,scissor
1272,720888,scissor
1273,461536,paper
1274,615916,paper
1275,672621,rock
1276,800860,scissor
1277,289484,paper
1278,866367,rock
1279,109252,paper
1280,587965,paper
1281,590517,scissor
1282,793944,rock
1283,379844,rock
1284,102992,rock
1285,895257,rock
1286,278767,scissor
1287,627986,rock
1288,594503,rock
1289,282773,paper
1290,991446,rock
1291,46686,rock
1292,75206,scissor
1293,894590,scissor
1294,22572,rock
1295,300252,rock
1296,467809,paper
1297,744478,rock
1298,959390,rock
1299,3311,rock
1300,532143,paper
1301,244724,paper
1302,574641,paper
1303,507659,paper
1304,190229,rock
1305,570260,rock
1306,853813,paper
1307,532191,rock
1308,432062,scissor
1309,132391,paper
1310,109505,paper
1311,63351,rock
1312,365872,paper
1313,680857,scissor
1314,734141,rock
1315,972874,scissor
1316,189663,scissor
1317,490826,paper
1318,162575,paper
1319,302054,paper
1320,787667,paper
1321,934907,scissor
1322,192257,scissor
1323,903358,rock
1324,238247,paper
1325,756324,scissor
1326,444950,paper
1327,884375,scissor
1328,72040,paper
1329,137095,rock
1330,184351,scissor
1331,766202,paper
1332,110009,rock
1333,770739,scissor
1334,178100,scissor
1335,740134,rock
1336,613344,paper
1337,181538,rock
1338,62818,rock
1339,314131,paper
1340,697414,paper
1341,88772,scissor
1342,95784,paper
1343,74107,rock
1344,667204,rock
1345,714299,scissor
1346,109694,paper
1347,339959,paper
1348,926397,rock
1349,250724,rock
1350,27889,rock
1351,227920,paper
1352,293106,paper
1353,501112,rock
1354,508037,rock
1355,313349,rock
1356,940398,scissor
1357,437744,scissor
1358,570493,rock
1359,686653,paper
1360,22943,scissor
1361,623993,paper
1362,890203,scissor
1363,509452,paper
1364,34441,rock
1365,943556,rock
1366,350371,scissor
1367,566465,paper
1368,425646,rock
1369,192634,paper
1370,725960,paper
1371,605888,paper
1372,906223,rock
1373,372876,scissor
1374,376951,scissor
1375,182599,scissor
1376,39369,rock
1377,213510,scissor
1378,85127,rock
1379,113802,scissor
1380,818902,paper
1381,229237,scissor
1382,719171,paper
1383,437590,paper
1384,389242,rock
1385,110179,paper
1386,127486,rock
1387,692442,rock
1388,300770,scissor
1389,945594,scissor
1390,589233,paper
1391,887825,scissor
1392,635491,rock
1393,356041,rock
1394,72366,scissor
1395,246668,rock
1396,960013,rock
1397,622389,scissor
1398,995393,scissor
1399,434142,scissor
1400,381562,scissor
1401,646718,paper
1402,607394,scissor
1403,581716,paper
1404,746470,scissor
1405,523862,rock
1406,777775,paper
1407,702804,rock
1408,681668,rock
1409,828821,rock
1410,631856,paper
1411,224233,scissor
1412,787683,paper
1413,847089,scissor
1414,759016,scissor
1415,989433,rock
1416,971313,rock
1417,486149,scissor
1418,249649,rock
1419,964238,paper
1420,589616,paper
1421,693148,paper
1422,61337,rock
1423,785241,rock
1424,274859,paper
1425,395309,scissor
1426,404180,scissor
1427,990360,scissor
1428,671067,rock
1429,923091,paper
1430,107151,paper
1431,619929,paper
1432,66018,scissor
1433,264726,scissor
1434,48588,paper
1435,667421,rock
1436,437668,paper
1437,224124,scissor
1438,459046,scissor
1439,570386,paper
1440,992639,paper
1441,164804,scissor
1442,782789,paper
1443,61263,rock
1444,350656,rock
1445,378009,rock
1446,370063,scissor
1447,989462,rock
1448,146435,scissor
1449,20936,paper
1450,398487,rock
1451,143233,paper
1452,478070,rock
1453,835514,scissor
1454,767954,rock
1455,914526,scissor
1456,599981,scissor
1457,584831,paper
1458,351572,rock
1459,793578,paper
1460,319103,paper
1461,916215,scissor
1462,512260,scissor
1463,888557,scissor
1464,449891,scissor
1465,414829,scissor
1466,559262,scissor
1467,754345,paper
1468,159326,paper
1469,528364,paper
1470,807588,paper
1471,26951,paper
1472,871456,scissor
1473,56022,paper
1474,461414,rock
1475,396696,rock
1476,465350,paper
1477,827374,paper
1478,74214,rock
1479,955404,scissor
1480,81128,paper
1481,578755,scissor
1482,90927,paper
1483,706403,rock
1484,229545,rock
1485,519135,paper
1486,897394,rock
1487,766084,scissor
1488,780525,scissor
1489,334843,paper
1490,86339,rock
1491,851565,paper
1492,70492,paper
1493,245143,scissor
1494,739682,rock
1495,293741,scissor
1496,657695,paper
1497,528842,rock
1498,902199,scissor
1499,190030,scissor
1500,844113,scissor
1501,241393,rock
1502,250687,scissor
1503,575210,paper
1504,614938,scissor
1505,938800,scissor
1506,988550,scissor
1507,346375,scissor
1508,946815,paper
1509,718106,scissor
1510,848739,rock
1511,681124,scissor
1512,241012,rock
1513,755689,rock
1514,833944,scissor
1515,654338,paper
1516,291327,rock
1517,21074,paper
1518,236900,rock
1519,537106,scissor
1520,188750,rock
1521,47242,scissor
1522,702488,paper
1523,649510,scissor
1524,391904,scissor
1525,171510,paper
1526,196099,rock
1527,137426,paper
1528,733229,paper
1529,266545,scissor
1530,347326,paper
1531,162647,scissor
1532,267534,paper
1533,411112,scissor
1534,49911,paper
1535,266292,scissor
1536,77495,rock
1537,892167,paper
1538,717902,rock
1539,175244,rock
1540,967346,rock
1541,115317,scissor
1542,61107,scissor
1543,165025,scissor
1544,813458,rock
1545,330301,paper
1546,267201,paper
1547,95089,rock
1548,299238,scissor
1549,99060,rock
1550,470333,scissor
1551,515622,rock
1552,625544,paper
1553,227828,rock
1554,939990,scissor
1555,673123,rock
1556,14966,scissor
1557,106505,rock
1558,56720,scissor
1559,574499,scissor
1560,339750,rock
1561,781181,scissor
1562,233813,rock
1563,632063,scissor
1564,946639,paper
1565,349110,rock
1566,310139,rock
1567,472664,scissor
1568,551121,scissor
1569,194196,rock
1570,436724,paper
1571,335054,paper
1572,708706,rock
1573,784707,scissor
1574,681091,rock
1575,377641,rock
1576,341420,scissor
1577,846931,scissor
1578,619580,scissor
1579,427774,paper
1580,416638,scissor
1581,42335,rock
1582,28547,paper
1583,404409,rock
1584,427205,scissor
1585,584279,paper
1586,885180,scissor
1587,88677,scissor
1588,173133,rock
1589,522594,paper
1590,234346,paper
1591,788932,rock
1592,598426,rock
1593,878328,rock
1594,393895,scissor
1595,685885,paper
1596,761257,paper
1597,7912,scissor
1598,721693,paper
1599,25950,rock
1600,929418,scissor
1601,398217,paper
1602,921256,scissor
1603,154047,paper
1604,83985,rock
1605,491222,rock
1606,192012,rock
1607,705337,paper
1608,582467,scissor
1609,919897,scissor
1610,148999,paper
1611,833668,scissor
1612,298723,paper
1613,608726,rock
1614,821522,paper
1615,356538,rock
1616,655531,scissor
1617,884669,rock
1618,174967,scissor
1619,187359,rock
1620,113171,rock
1621,119505,paper
1622,693855,scissor
1623,735637,rock
1624,415716,scissor
1625,11556,scissor
1626,559967,paper
1627,798399,rock
1628,690991,rock
1629,924770,scissor
1630,990721,rock
1631,470528,rock
1632,335128,scissor
1633,75312,paper
1634,298703,paper
1635,395492,paper
1636,211471,paper
1637,230795,rock
1638,189673,rock
1639,636341,scissor
1640,255683,rock
1641,289208,scissor
1642,625180,rock
1643,287972,rock
1644,207196,scissor
1645,613486,paper
1646,163559,rock
1647,305157,scissor
1648,97225,rock
1649,831825,scissor
1650,824078,rock
1651,734965,paper
1652,61322,paper
1653,207497,paper
1654,123404,scissor
1655,960268,rock
1656,957255,paper
1657,953454,rock
1658,810170,rock
1659,518951,paper
1660,594477,rock
1661,895586,paper
1662,259351,scissor
1663,373459,paper
1664,868375,rock
1665,28119,rock
1666,870992,scissor
1667,571759,paper
1668,282973,rock
1669,302711,paper
1670,239942,rock
1671,370994,scissor
1672,812749,scissor
1673,550029,paper
1674,999251,paper
1675,515806,scissor
1676,530772,paper
1677,972601,paper
1678,153863,scissor
1679,766773,paper
1680,618325,paper
1681,221623,paper
1682,186310,rock
1683,360995,scissor
1684,14185,paper
1685,75295,scissor
1686,12285,scissor
1687,855244,paper
1688,496791,rock
1689,634085,rock
1690,62055,paper
1691,525853,rock
1692,942881,scissor
1693,694320,rock
1694,601110,paper
1695,585688,paper
1696,886220,paper
1697,523529,rock
1698,837339,paper
1699,503001,paper
1700,74004,scissor
1701,617748,rock
1702,191091,rock
1703,491451,rock
1704,922581,scissor
1705,734929,paper
1706,727554,rock
1707,755773,paper
1708,822499,scissor
1709,206121,scissor
1710,576796,scissor
1711,988909,rock
1712,669456,paper
1713,670520,paper
1714,309454,rock
1715,764950,paper
1716,768840,scissor
1717,386200,rock
1718,689843,paper
1719,186764,paper
1720,435238,rock
1721,105973,scissor
1722,657990,scissor
1723,664759,rock
1724,472075,rock
1725,233651,scissor
1726,707512,paper
1727,599637,scissor
1728,848940,paper
1729,666107,rock
1730,752345,paper
1731,357426,paper
1732,691003,rock
1733,670221,rock
1734,768835,scissor
1735,545216,paper
1736,286798,paper
1737,836588,rock
1738,901691,rock
1739,270816,scissor
1740,965338,paper
1741,240429,rock
1742,369521,scissor
1743,562502,paper
1744,217009,scissor
1745,469064,scissor
1746,197626,paper
1747,705345,rock
1748,153096,rock
1749,107412,scissor
1750,664757,scissor
1751,806505,paper
1752,703972,rock
1753,814096,scissor
1754,72485,paper
1755,521369,rock
1756,637119,rock
1757,240122,paper
1758,850169,scissor
1759,655499,paper
1760,906701,paper
1761,834679,paper
1762,594501,scissor
1763,574925,rock
1764,270528,rock
1765,234625,scissor
1766,146769,paper
1767,689768,rock
1768,761469,rock
1769,157982,rock
1770,465516,paper
1771,401450,scissor
1772,934003,scissor
1773,525528,paper
1774,361434,scissor
1775,842768,scissor
1776,892751,rock
1777,71312,paper
1778,168161,scissor
1779,62215,rock
1780,70300,paper
1781,252474,scissor
1782,508915,rock
1783,578911,paper
1784,322977,rock
1785,349035,paper
1786,483602,paper
1787,314960,rock
1788,29772,paper
1789,947911,paper
1790,906407,rock
1791,213778,rock
1792,44700,scissor
1793,367559,scissor
1794,493369,scissor
1795,197886,rock
1796,132883,paper
1797,659167,rock
1798,956434,scissor
1799,383901,paper
1800,399312,scissor
1801,494151,scissor
1802,603571,rock
1803,684603,rock
1804,729122,paper
1805,908460,paper
1806,970038,scissor
1807,216610,rock
1808,203480,scissor
1809,745984,scissor
1810,154790,scissor
1811,610393,scissor
1812,976947,rock
1813,683006,rock
1814,543485,rock
1815,342772,scissor
1816,561383,scissor
1817,822751,scissor
1818,641116,rock
1819,426670,scissor
1820,492340,scissor
1821,42794,paper
1822,685408,paper
1823,481911,rock
1824,285280,scissor
1825,948255,scissor
1826,581228,rock
1827,50127,paper
1828,298615,rock
1829,556592,rock
1830,107266,scissor
1831,141179,paper
1832,505476,rock
1833,116497,paper
1834,430249,rock
1835,766900,paper
1836,107210,scissor
1837,775252,scissor
1838,914808,paper
1839,97856,paper
1840,406133,paper
1841,689547,paper
1842,432852,paper
1843,11496,rock
1844,170650,paper
1845,736093,rock
1846,885959,rock
1847,333235,paper
1848,992974,scissor
1849,33172,paper
1850,709839,scissor
1851,924291,paper
1852,938115,rock
1853,587368,rock
1854,737243,rock
1855,960952,scissor
1856,702913,paper
1857,825441,paper
1858,987210,rock
1859,39660,rock
1860,171952,scissor
1861,990074,scissor
1862,923124,paper
1863,124599,rock
1864,734417,paper
1865,26041,rock
1866,733048,paper
1867,430110,scissor
1868,933863,rock
1869,775020,scissor
1870,880404,rock
1871,52481,paper
1872,722633,paper
1873,327220,scissor
1874,849486,paper
1875,444291,scissor
1876,462020,scissor
1877,354086,rock
1878,664795,scissor
1879,441322,scissor
1880,866868,paper
1881,973599,paper
1882,997848,scissor
1883,409105,scissor
1884,264091,paper
1885,346093,scissor
1886,253478,paper
1887,780529,paper
1888,93602,paper
1889,614646,rock
1890,907926,paper
1891,725677,rock
1892,970114,scissor
1893,772164,scissor
1894,24344,rock
1895,556970,rock
1896,848667,scissor
1897,935389,rock
1898,278647,scissor
1899,784939,scissor
1900,138057,rock
1901,473489,rock
1902,638416,rock
1903,360189,rock
1904,448792,scissor
1905,382422,paper
1906,918656,scissor
1907,802230,scissor
1908,182432,scissor
1909,411577,paper
1910,510777,paper
1911,926724,scissor
1912,10991,rock
1913,443940,rock
1914,820694,paper
1915,15511,scissor
1916,255032,scissor
1917,462017,paper
1918,131975,paper
1919,486895,paper
1920,714258,rock
1921,799637,rock
1922,742681,paper
1923,294042,paper
1924,278541,scissor
1925,79615,paper
1926,720490,paper
1927,635543,paper
1928,954537,paper
1929,743020,paper
1930,27219,rock
1931,997015,scissor
1932,916895,paper
1933,769519,rock
1934,267766,scissor
1935,766572,scissor
1936,60074,scissor
1937,574849,scissor
1938,463991,paper
1939,173886,rock
1940,866252,rock
1941,429678,scissor
1942,630154,paper
1943,499759,paper
1944,443023,paper
1945,694420,scissor
1946,826042,scissor
1947,29308,paper
1948,47382,paper
1949,407549,rock
1950,912147,paper
1951,187300,paper
1952,169747,rock
1953,793158,paper
1954,124530,rock
1955,892169,rock
1956,355286,scissor
1957,512292,scissor
1958,557977,scissor
1959,82800,paper
1960,110544,scissor
1961,245021,paper
1962,781137,rock
1963,274815,paper
1964,107144,rock
1965,61008,scissor
1966,883866,paper
1967,223728,paper
1968,575014,paper
1969,115512,scissor
1970,914507,rock
1971,18324,scissor
1972,897120,rock
1973,945169,rock
1974,542240,scissor
1975,891397,paper
1976,416666,paper
1977,240392,paper
1978,29252,paper
1979,339746,rock
1980,190067,rock
1981,210475,paper
1982,417164,rock
1983,502200,rock
1984,843260,rock
1985,638919,rock
1986,741045,scissor
1987,442394,scissor
1988,512350,paper
1989,330122,paper
1990,416219,rock
1991,899835,scissor
1992,787705,paper
1993,679780,paper
1994,941966,paper
1995,341465,paper
1996,437103,scissor
1997,766216,rock
1998,161963,scissor
1999,480446,rock
2000,785600,scissor
2001,561796,scissor
2002,928106,paper
2003,735349,scissor
2004,312209,rock
2005,613691,rock
2006,107505,rock
2007,633759,paper
2008,401997,paper
2009,641055,paper
2010,391711,rock
2011,28439,rock
2012,89028,scissor
2013,679425,paper
2014,792406,scissor
2015,300413,paper
2016,772329,scissor
2017,384691,rock
2018,124543,paper
2019,398977,paper
2020,635517,rock
2021,949872,scissor
2022,403229,scissor
2023,864399,paper
2024,897980,rock
2025,995372,scissor
2026,498011,paper
2027,630749,scissor
2028,321786,rock
2029,495827,scissor
2030,837818,rock
2031,871654,scissor
2032,634489,rock
2033,57842,rock
2034,793553,scissor
2035,805543,rock
2036,390200,paper
2037,524409,rock
2038,912107,paper
2039,692800,paper
2040,126003,paper
2041,261355,scissor
2042,947878,rock
2043,607827,scissor
2044,295898,rock
2045,66897,paper
2046,546213,rock
2047,489323,rock
2048,669915,scissor
2049,556381,scissor
2050,902192,rock
2051,146786,paper
2052,964656,paper
2053,260289,rock
2054,442807,rock
2055,557600,paper
2056,586591,rock
2057,883303,paper
2058,820638,scissor
2059,947042,scissor
2060,349651,paper
2061,602679,paper
2062,435483,paper
2063,381225,rock
2064,885034,rock
2065,585072,paper
2066,293799,scissor
2067,513462,scissor
2068,438028,rock
2069,414840,scissor
2070,317196,rock
2071,455816,paper
2072,826789,rock
2073,208122,scissor
2074,551459,scissor
2075,568336,rock
2076,872316,scissor
2077,236915,rock
2078,850198,paper
2079,707479,rock
2080,480301,rock
2081,138277,rock
2082,41173,rock
2083,505177,scissor
2084,267113,paper
2085,830916,paper
2086,185545,rock
2087,330021,rock
2088,23974,rock
2089,910783,paper
2090,887735,paper
2091,206894,scissor
2092,175654,scissor
2093,793577,scissor
2094,330572,paper
2095,910208,scissor
2096,709165,rock
2097,133126,paper
2098,113377,paper
2099,65198,rock
2100,510873,paper
2101,486016,scissor
2102,68658,paper
2103,269816,rock
2104,485942,paper
2105,581975,scissor
2106,645342,paper
2107,610616,scissor
2108,127298,paper
2109,819762,paper
2110,154556,paper
2111,565926,rock
2112,411142,rock
2113,812881,scissor
2114,298810,scissor
2115,478728,rock
2116,973077,rock
2117,910354,rock
2118,576747,scissor
2119,106004,rock
2120,804110,rock
2121,292643,rock
2122,670978,paper
2123,792122,rock
2124,438128,scissor
2125,208938,scissor
2126,707677,rock
2127,552559,scissor
2128,927793,rock
2129,125317,scissor
2130,47515,scissor
2131,422139,scissor
2132,566658,rock
2133,910038,rock
2134,23878,scissor
2135,799264,paper
2136,366777,scissor
2137,32229,scissor
2138,728552,paper
2139,451477,scissor
2140,811504,paper
2141,59779,paper
2142,956888,scissor
2143,854058,scissor
2144,28508,paper
2145,82817,paper
2146,62158,paper
2147,874056,paper
2148,500152,scissor
2149,475760,scissor
2150,575661,rock
2151,351838,scissor
2152,647160,paper
2153,887456,rock
2154,500091,paper
2155,701652,paper
2156,498351,paper
2157,37048,scissor
2158,37281,rock
2159,805487,paper
2160,976034,paper
2161,869005,paper
2162,862,scissor
2163,106115,rock
2164,386090,rock
2165,463401,paper
2166,32810,paper
2167,522684,scissor
2168,602917,rock
2169,969726,rock
2170,850309,paper
2171,808055,rock
2172,228621,scissor
2173,337836,paper
2174,264751,paper
2175,265587,rock
2176,266669,rock
2177,464122,rock
2178,738711,paper
2179,234221,paper
2180,303576,scissor
2181,630667,rock
2182,947050,scissor
2183,729035,rock
2184,99775,paper
2185,759196,paper
2186,67793,rock
2187,592927,paper
2188,576224,rock
2189,907033,paper
2190,372443,paper
2191,330829,scissor
2192,855584,paper
2193,164946,rock
2194,343631,scissor
2195,750540,rock
2196,730274,paper
2197,226885,scissor
2198,321122,rock
2199,958015,scissor
2200,971365,rock
2201,539304,scissor
2202,432387,rock
2203,826855,paper
2204,276128,scissor
2205,974369,paper
2206,359076,rock
2207,479644,scissor
2208,638960,rock
2209,326645,rock
2210,415081,rock
2211,526989,rock
2212,58402,paper
2213,739845,scissor
2214,805879,scissor
2215,301529,rock
2216,806390,scissor
2217,227146,paper
2218,144922,paper
2219,359320,scissor
2220,593855,paper
2221,793449,rock
2222,833284,scissor
2223,996133,scissor
2224,141303,scissor
2225,245914,paper
2226,709791,rock
2227,77223,paper
2228,745288,scissor
2229,440619,paper
2230,571142,rock
2231,979342,paper
2232,579330,rock
2233,782637,scissor
2234,969599,rock
2235,11375,scissor
2236,45292,paper
2237,115188,scissor
2238,204138,paper
2239,825892,scissor
2240,612947,paper
2241,382267,scissor
2242,696067,scissor
2243,861898,paper
2244,176733,scissor
2245,464031,paper
2246,890877,paper
2247,744711,paper
2248,688264,scissor
2249,237499,scissor
2250,547567,rock
2251,510279,rock
2252,233830,rock
2253,804063,paper
2254,753796,rock
2255,177828,rock
2256,570484,rock
2257,131855,scissor
2258,429590,scissor
2259,581961,scissor
2260,516535,rock
2261,712691,scissor
2262,398214,paper
2263,702405,scissor
2264,549276,paper
2265,976656,paper
2266,115302,rock
2267,836857,rock
2268,647796,paper
2269,652917,rock
2270,642183,scissor
2271,74977,scissor
2272,575201,paper
2273,851509,paper
2274,403066,scissor
2275,67234,rock
2276,868676,scissor
2277,93130,scissor
2278,503283,rock
2279,427746,rock
2280,533751,rock
2281,396144,scissor
2282,4132,rock
2283,743829,scissor
2284,238450,scissor
2285,115494,paper
2286,528753,paper
2287,421627,scissor
2288,106384,scissor
2289,384438,scissor
2290,524353,paper
2291,774554,paper
2292,339341,paper
2293,793816,scissor
2294,762468,rock
2295,25091,scissor
2296,115282,scissor
2297,551883,paper
2298,75223,scissor
2299,864420,rock
2300,917515,scissor
2301,167866,rock
2302,777216,rock
2303,789988,rock
2304,703420,rock
2305,569240,paper
2306,869912,paper
2307,88602,paper
2308,287387,rock
2309,728173,rock
2310,407252,rock
2311,490877,rock
2312,909858,rock
2313,516010,rock
2314,943879,paper
2315,198160,scissor
2316,406100,scissor
2317,564712,rock
2318,367526,scissor
2319,571422,scissor
2320,524553,scissor
2321,14819,paper
2322,393198,rock
2323,426616,paper
2324,130574,rock
2325,469595,paper
2326,482961,scissor
2327,449492,rock
2328,919828,rock
2329,458382,scissor
2330,605850,rock
2331,83083,paper
2332,872763,paper
2333,796397,paper
2334,409810,paper
2335,229391,paper
2336,514763,rock
2337,708354,paper
2338,389430,paper
2339,13869,paper
2340,577831,rock
2341,633564,rock
2342,216437,paper
2343,764207,paper
2344,295363,paper
2345,811621,scissor
2346,221705,rock
2347,546550,scissor
2348,218549,rock
2349,120326,rock
2350,159372,rock
2351,397106,scissor
2352,909291,paper
2353,853121,scissor
2354,840244,paper
2355,576568,paper
2356,935347,scissor
2357,216891,rock
2358,404418,scissor
2359,836564,scissor
2360,622474,rock
2361,724146,rock
2362,576218,paper
2363,170405,rock
2364,762359,rock
2365,32280,scissor
2366,886973,paper
2367,972800,paper
2368,436769,scissor
2369,83315,scissor
2370,236036,paper
2371,674321,paper
2372,873,scissor
2373,236874,paper
2374,298115,rock
2375,120240,paper
2376,524746,scissor
2377,507386,rock
2378,471696,paper
2379,209769,rock
2380,435537,paper
2381,911714,paper
2382,142585,paper
2383,132862,scissor
2384,125684,rock
2385,529504,rock
2386,315627,scissor
2387,32040,scissor
2388,162611,paper
2389,925773,rock
2390,330059,paper
2391,669930,paper
2392,371259,scissor
2393,339419,rock
2394,338186,scissor
2395,555681,paper
2396,609930,paper
2397,509911,rock
2398,447989,rock
2399,484424,scissor
2400,844156,paper
2401,28133,paper
2402,832271,rock
2403,976095,scissor
2404,47220,rock
2405,797313,rock
2406,103088,paper
2407,352471,rock
2408,992812,rock
2409,235585,paper
2410,755336,rock
2411,366849,paper
2412,943455,rock
2413,439172,scissor
2414,316503,rock
2415,362667,scissor
2416,8754,scissor
2417,996394,scissor
2418,861042,rock
2419,671372,paper
2420,786603,rock
2421,325471,scissor
2422,779262,rock
2423,744243,paper
2424,765748,rock
2425,35900,paper
2426,108489,paper
2427,42584,rock
2428,539027,scissor
2429,40171,rock
2430,898608,scissor
2431,790588,paper
2432,586941,rock
2433,960408,rock
2434,363017,rock
2435,690561,paper
2436,277935,rock
2437,910920,rock
2438,1741,rock
2439,395886,scissor
2440,342456,paper
2441,277689,paper
2442,583399,paper
2443,740541,scissor
2444,826332,rock
2445,598684,paper
2446,195749,scissor
2447,312654,paper
2448,334163,paper
2449,508980,scissor
2450,303348,scissor
2451,493615,scissor
2452,606571,rock
2453,80806,rock
2454,601473,paper
2455,407630,paper
2456,752662,scissor
2457,774990,scissor
2458,385336,paper
2459,134468,rock
2460,345856,rock
2461,315681,scissor
2462,479394,rock
2463,606883,scissor
2464,552860,paper
2465,850975,paper
2466,864293,rock
2467,94360,scissor
2468,270231,paper
2469,975689,rock
2470,306838,paper
2471,410229,scissor
2472,853143,scissor
2473,407923,scissor
2474,161138,paper
2475,414632,scissor
2476,701411,rock
2477,743642,scissor
2478,959962,paper
2479,326512,rock
2480,827339,scissor
2481,318015,paper
2482,822459,scissor
2483,560824,rock
2484,886857,scissor
2485,380010,scissor
2486,706575,paper
2487,610349,rock
2488,733946,rock
2489,968778,paper
2490,110539,paper
2491,985633,rock
2492,502362,scissor
2493,432352,paper
2494,925927,paper
2495,248140,scissor
2496,554434,paper
2497,985613,paper
2498,313527,scissor
2499,836498,rock
2500,346794,paper
2501,583064,scissor
2502,361574,scissor
2503,686797,paper
2504,581098,scissor
2505,436182,scissor
2506,317130,paper
2507,739,paper
2508,496633,scissor
2509,670477,paper
2510,885579,paper
2511,799543,scissor
2512,168388,paper
2513,758131,scissor
2514,701062,rock
2515,167674,rock
2516,510088,rock
2517,81468,rock
2518,373354,paper
2519,351172,rock
2520,911412,scissor
2521,140949,rock
2522,560266,scissor
2523,51151,paper
2524,902417,scissor
2525,594420,paper
2526,670668,scissor
2527,219875,paper
2528,430923,scissor
2529,844450,rock
2530,885839,paper
2531,404008,rock
2532,921424,rock
2533,840785,paper
2534,440910,rock
2535,219913,rock
2536,701169,paper
2537,944551,paper
2538,463824,scissor
2539,9274,scissor
2540,885082,paper
2541,39742,paper
2542,62930,rock
2543,101536,rock
2544,133018,rock
2545,639603,scissor
2546,333433,scissor
2547,505572,rock
2548,167404,paper
2549,39130,rock
2550,24041,scissor
2551,911205,paper
2552,786725,scissor
2553,484718,scissor
2554,318317,rock
2555,871269,scissor
2556,985700,rock
2557,521201,rock
2558,790079,rock
2559,561887,scissor
2560,696144,rock
2561,220438,rock
2562,438324,paper
2563,601741,scissor
2564,879154,paper
2565,734467,scissor
2566,810159,rock
2567,467511,paper
2568,134631,paper
2569,147219,rock
2570,605905,paper
2571,46977,paper
2572,184347,paper
2573,589003,scissor
2574,666388,scissor
2575,260173,scissor
2576,706175,paper
2577,716354,scissor
2578,560869,rock
2579,804783,scissor
2580,322588,paper
2581,240428,rock
2582,98045,scissor
2583,702049,rock
2584,918555,paper
2585,915809,rock
2586,662461,scissor
2587,887442,rock
2588,291536,rock
2589,822391,scissor
2590,813509,rock
2591,127250,paper
2592,9191,rock
2593,953853,paper
2594,887766,paper
2595,466462,scissor
2596,940367,scissor
2597,104428,scissor
2598,234547,rock
2599,387036,scissor
2600,949311,paper
2601,88092,rock
2602,292387,paper
2603,78051,paper
2604,976246,paper
2605,286143,paper
2606,216099,scissor
2607,297425,rock
2608,501194,paper
2609,935632,scissor
2610,941501,rock
2611,341255,rock
2612,279370,scissor
2613,63638,scissor
2614,890337,scissor
2615,633924,rock
2616,779003,rock
2617,336769,scissor
2618,147014,scissor
2619,926379,scissor
2620,79341,paper
2621,969580,paper
2622,649819,paper
2623,689422,paper
2624,851355,scissor
2625,557462,paper
2626,440853,scissor
2627,854475,scissor
2628,494972,rock
2629,572712,paper
2630,193400,rock
2631,526168,scissor
2632,470042,scissor
2633,153756,rock
2634,197522,rock
2635,268306,rock
2636,866714,paper
2637,798706,scissor
2638,925070,rock
2639,936216,scissor
2640,343314,paper
2641,387662,rock
2642,991725,rock
2643,733455,paper
2644,455010,scissor
2645,386433,rock
2646,592943,paper
2647,718420,paper
2648,183955,paper
2649,832817,paper
2650,739860,scissor
2651,427825,paper
2652,791706,paper
2653,555953,rock
2654,315358,rock
2655,710477,scissor
2656,134813,paper
2657,579706,rock
2658,208513,rock
2659,729416,rock
2660,460942,rock
2661,262114,rock
2662,360436,scissor
2663,928664,paper
2664,410698,rock
2665,362454,scissor
2666,626398,scissor
2667,676665,scissor
2668,826506,rock
2669,860271,paper
2670,838522,paper
2671,850985,rock
2672,671547,paper
2673,71610,scissor
2674,432589,paper
2675,740816,rock
2676,474529,paper
2677,703199,rock
2678,86741,rock
2679,528577,scissor
2680,207936,paper
2681,337478,scissor
2682,180194,rock
2683,47309,paper
2684,479660,scissor
2685,499752,scissor
2686,392054,scissor
2687,633207,paper
2688,381513,scissor
2689,28954,rock
2690,696115,scissor
2691,343282,paper
2692,26663,scissor
2693,642785,rock
2694,284245,scissor
2695,151666,scissor
2696,824819,paper
2697,885199,rock
2698,982931,rock
2699,406155,paper
2700,250255,paper
2701,958310,scissor
2702,731196,paper
2703,644214,scissor
2704,205422,rock
2705,794444,paper
2706,700668,rock
2707,905266,scissor
2708,646850,rock
2709,455894,scissor
2710,466782,scissor
2711,83793,paper
2712,919790,rock
2713,877208,rock
2714,537801,paper
2715,401324,paper
2716,217764,scissor
2717,457405,scissor
2718,132627,scissor
2719,572689,rock
2720,815069,scissor
2721,503737,rock
2722,861074,scissor
2723,107727,paper
2724,458587,rock
2725,377879,paper
2726,315103,rock
2727,931211,scissor
2728,11199,scissor
2729,305112,scissor
2730,79926,rock
2731,445235,rock
2732,415997,rock
2733,926028,paper
2734,679346,paper
2735,125733,rock
2736,547771,paper
2737,682474,paper
2738,509478,rock
2739,716713,rock
2740,420944,rock
2741,186078,scissor
2742,510156,rock
2743,916056,rock
2744,711799,paper
2745,327890,paper
2746,406082,scissor
2747,637221,rock
2748,347153,paper
2749,725175,scissor
2750,56759,paper
2751,241127,scissor
2752,257234,scissor
2753,156482,rock
2754,367258,rock
2755,249908,scissor
2756,492748,scissor
2757,14811,paper
2758,266379,scissor
2759,720596,scissor
2760,274701,scissor
2761,878807,paper
2762,562482,rock
2763,192415,scissor
2764,997267,paper
2765,576684,paper
2766,393889,scissor
2767,933872,scissor
2768,263521,paper
2769,413217,paper
2770,259575,paper
2771,667277,scissor
2772,58683,paper
2773,954306,scissor
2774,647902,rock
2775,1824,scissor
2776,79923,rock
2777,327311,rock
2778,925368,paper
2779,613231,paper
2780,569013,rock
2781,442891,scissor
2782,107043,paper
2783,32197,paper
2784,822026,scissor
2785,355762,scissor
2786,606229,scissor
2787,583714,paper
2788,571889,scissor
2789,483823,paper
2790,232425,scissor
2791,860625,scissor
2792,200752,scissor
2793,667294,rock
2794,334436,paper
2795,199087,rock
2796,436438,paper
2797,960481,scissor
2798,677943,rock
2799,901897,rock
2800,749800,paper
2801,380015,paper
2802,864827,paper
2803,120400,rock
2804,653877,scissor
2805,178920,scissor
2806,334866,rock
2807,454257,scissor
2808,975434,scissor
2809,36146,rock
2810,819111,scissor
2811,111699,rock
2812,506217,scissor
2813,409302,paper
2814,727984,scissor
2815,532860,scissor
2816,31779,paper
2817,651465,rock
2818,799549,scissor
2819,627363,scissor
2820,794281,scissor
2821,438814,paper
2822,851313,rock
2823,137104,scissor
2824,773956,scissor
2825,12033,rock
2826,102537,scissor
2827,676066,scissor
2828,873530,paper
2829,852420,paper
2830,722369,scissor
2831,361015,rock
2832,402682,scissor
2833,997136,paper
2834,365401,scissor
2835,667504,paper
2836,229473,rock
2837,499066,paper
2838,831899,paper
2839,508490,paper
2840,356349,scissor
2841,648193,rock
2842,691586,scissor
2843,245080,scissor
2844,639096,paper
2845,196281,scissor
2846,780030,scissor
2847,544901,paper
2848,690361,rock
2849,98406,scissor
2850,637142,scissor
2851,791297,paper
2852,111807,paper
2853,334924,paper
2854,772393,scissor
2855,562405,scissor
2856,952418,rock
2857,75843,scissor
2858,595337,paper
2859,642706,scissor
2860,284280,scissor
2861,716073,rock
2862,297080,rock
2863,156064,rock
2864,418151,paper
2865,858478,rock
2866,112410,scissor
2867,402685,scissor
2868,434279,scissor
2869,370278,scissor
2870,752159,scissor
2871,467483,rock
2872,579356,rock
2873,552711,scissor
2874,762665,rock
2875,111437,scissor
2876,522027,rock
2877,407838,rock
2878,299873,paper
2879,322175,rock
2880,408598,scissor
2881,456347,paper
2882,753885,rock
2883,320695,paper
2884,845822,scissor
2885,58759,paper
2886,198125,scissor
2887,57892,rock
2888,228923,paper
2889,605177,paper
2890,673474,paper
2891,883892,rock
2892,445717,rock
2893,431849,rock
2894,929585,rock
2895,636310,scissor
2896,788477,scissor
2897,459746,paper
2898,133293,paper
2899,311898,paper
2900,692997,paper
2901,730627,rock
2902,15996,paper
2903,898065,rock
2904,404263,paper
2905,955052,paper
2906,320215,rock
2907,305680,scissor
2908,843267,scissor
2909,894228,paper
2910,61482,rock
2911,594669,paper
2912,466443,paper
2913,736542,scissor
2914,883237,scissor
2915,988854,scissor
2916,697306,rock
2917,644945,scissor
2918,691818,scissor
2919,12664,paper
2920,568507,rock
2921,529854,scissor
2922,188186,scissor
2923,692169,scissor
2924,692930,rock
2925,55905,paper
2926,98335,rock
2927,148043,paper
2928,907387,rock
2929,903981,scissor
2930,986152,paper
2931,980082,scissor
2932,578786,paper
2933,315168,paper
2934,667415,paper
2935,644751,paper
2936,479774,scissor
2937,840270,paper
2938,121911,scissor
2939,542646,scissor
2940,354874,rock
2941,301391,paper
2942,235519,rock
2943,705751,paper
2944,543272,rock
2945,417238,scissor
2946,489018,scissor
2947,961378,scissor
2948,260772,rock
2949,86175,rock
2950,22810,scissor
2951,954256,scissor
2952,724000,rock
2953,546918,rock
2954,703625,paper
2955,777361,scissor
2956,278726,paper
2957,370551,scissor
2958,706216,paper
2959,623286,paper
2960,605425,rock
2961,961130,rock
2962,346248,rock
2963,945867,scissor
2964,382826,paper
2965,815199,rock
2966,371972,scissor
2967,528725,rock
2968,654495,scissor
2969,803688,rock
2970,972215,scissor
2971,324205,scissor
2972,387403,rock
2973,413831,paper
2974,696729,rock
2975,207654,paper
2976,721211,rock
2977,295127,scissor
2978,245129,paper
2979,6532,rock
2980,686003,paper
2981,961415,paper
2982,959716,paper
2983,977317,rock
2984,760439,rock
2985,310980,rock
2986,565847,rock
2987,868340,scissor
2988,426600,rock
2989,448578,rock
2990,699682,rock
2991,239996,scissor
2992,81467,rock
2993,821384,scissor
2994,579387,scissor
2995,665988,rock
2996,32254,rock
2997,561195,rock
2998,428504,scissor
2999,491891,paper
3000,752346,rock
3001,646677,scissor
3002,834489,paper
3003,252273,scissor
3004,54440,rock
3005,869446,rock
3006,475636,scissor
3007,92605,rock
3008,669523,scissor
3009,520220,scissor
3010,173320,rock
3011,125438,scissor
3012,808652,scissor
3013,769619,scissor
3014,678195,scissor
3015,782530,scissor
3016,432858,rock
3017,100927,scissor
3018,691661,rock
3019,81780,rock
3020,110337,paper
3021,536424,paper
3022,639750,scissor
3023,413553,scissor
3024,4987,paper
3025,182728,scissor
3026,304910,rock
3027,611724,rock
3028,77674,rock
3029,185337,scissor
3030,728240,scissor
3031,120190,paper
3032,955408,rock
3033,344036,rock
3034,932153,rock
3035,860869,paper
3036,247530,paper
3037,136712,scissor
3038,180253,scissor
3039,450269,paper
3040,592723,rock
3041,309905,paper
3042,804693,rock
3043,537606,rock
3044,743385,scissor
3045,70738,paper
3046,420713,scissor
3047,560029,paper
3048,666394,rock
3049,795816,rock
3050,416235,scissor
3051,543638,paper
3052,379409,scissor
3053,685968,paper
3054,413034,rock
3055,124480,scissor
3056,286401,scissor
3057,391315,paper
3058,457321,rock
3059,318597,paper
3060,629081,paper
3061,294060,rock
3062,287545,paper
3063,954097,scissor
3064,948534,rock
3065,489351,paper
3066,863413,rock
3067,718383,rock
3068,583592,paper
3069,467948,rock
3070,862181,scissor
3071,40046,scissor
3072,379425,paper
3073,495775,rock
3074,87622,paper
3075,607532,scissor
3076,415369,scissor
3077,901286,scissor
3078,374537,scissor
3079,610544,scissor
3080,22248,scissor
3081,586842,scissor
3082,409982,paper
3083,701016,scissor
3084,868388,paper
3085,505549,rock
3086,515335,scissor
3087,818602,scissor
3088,930437,rock
3089,75847,scissor
3090,267363,rock
3091,380301,scissor
3092,308200,paper
3093,561484,scissor
3094,506128,rock
3095,630592,paper
3096,235468,scissor
3097,136794,rock
3098,660502,scissor
3099,47867,paper
3100,829569,scissor
3101,573781,rock
3102,723369,rock
3103,110308,paper
3104,447137,paper
3105,675532,scissor
3106,834498,rock
3107,62862,scissor
3108,458796,scissor
3109,478190,paper
3110,850221,rock
3111,593206,paper
3112,874179,scissor
3113,189007,paper
3114,378953,paper
3115,230145,scissor
3116,959644,scissor
3117,419463,scissor
3118,602414,rock
3119,623127,scissor
3120,136879,paper
3121,963101,scissor
3122,96614,paper
3123,524699,scissor
3124,463382,paper
3125,547550,paper
3126,297123,paper
3127,773795,rock
3128,262107,scissor
3129,383195,paper
3130,421574,scissor
3131,356544,paper
3132,615355,paper
3133,500859,paper
3134,386294,scissor
3135,465054,rock
3136,934474,rock
3137,657371,scissor
3138,500365,rock
3139,523398,scissor
3140,740102,paper
3141,471322,scissor
3142,45020,paper
3143,160710,rock
3144,228844,paper
3145,650779,rock
3146,584407,rock
3147,178022,paper
3148,670043,paper
3149,307629,rock
3150,843177,rock
3151,622536,scissor
3152,563788,rock
3153,958373,scissor
3154,73281,paper
3155,554053,scissor
3156,51610,paper
3157,11271,paper
3158,215001,scissor
3159,609938,paper
3160,198893,rock
3161,841519,paper
3162,929131,scissor
3163,746823,paper
3164,984082,paper
3165,744306,paper
3166,885804,rock
3167,637122,scissor
3168,616530,scissor
3169,764694,paper
3170,55447,scissor
3171,695807,scissor
3172,504048,scissor
3173,427349,rock
3174,219128,paper
3175,447444,scissor
3176,487360,paper
3177,273718,paper
3178,727205,paper
3179,544579,paper
3180,940504,paper
3181,278371,rock
3182,263956,scissor
3183,548090,scissor
3184,479241,scissor
3185,153716,rock
3186,436923,rock
3187,703118,paper
3188,708186,scissor
3189,13249,scissor
3190,147816,scissor
3191,540931,paper
3192,746625,scissor
3193,473659,rock
3194,992091,scissor
3195,183932,paper
3196,571353,rock
3197,397870,paper
3198,106309,scissor
3199,745034,scissor
3200,39297,rock
3201,710811,paper
3202,627315,rock
3203,499836,scissor
3204,809524,rock
3205,305253,scissor
3206,744938,paper
3207,391167,rock
3208,238866,scissor
3209,369023,scissor
3210,383368,scissor
3211,20795,paper
3212,614462,scissor
3213,192814,scissor
3214,309701,paper
3215,345092,rock
3216,687582,rock
3217,877649,rock
3218,470724,scissor
3219,461356,scissor
3220,36604,scissor
3221,744007,paper
3222,617762,scissor
3223,374825,scissor
3224,307594,rock
3225,921084,rock
3226,484399,paper
3227,955355,paper
3228,74817,scissor
3229,139020,rock
3230,129937,rock
3231,395209,paper
3232,431063,scissor
3233,558783,scissor
3234,18668,scissor
3235,505266,rock
3236,216591,paper
3237,822805,paper
3238,999411,scissor
3239,318947,scissor
3240,966410,paper
3241,253124,scissor
3242,619155,paper
3243,921167,scissor
3244,362125,scissor
3245,360701,rock
3246,357431,rock
3247,147517,scissor
3248,278236,scissor
3249,101269,paper
3250,604088,scissor
3251,233775,scissor
3252,887512,rock
3253,564120,scissor
3254,963917,scissor
3255,579400,paper
3256,800987,paper
3257,371594,paper
3258,95029,paper
3259,19859,rock
3260,481959,paper
3261,386432,paper
3262,167984,paper
3263,252367,rock
3264,184413,scissor
3265,551766,rock
3266,649328,paper
3267,176571,scissor
3268,367460,scissor
3269,328129,scissor
3270,616457,scissor
3271,109465,paper
3272,398550,rock
3273,289765,scissor
3274,814167,paper
3275,427407,paper
3276,510291,paper
3277,813130,rock
3278,267974,scissor
3279,622737,scissor
3280,207860,rock
3281,157020,scissor
3282,160949,rock
3283,862250,paper
3284,108039,scissor
3285,464480,rock
3286,52400,paper
3287,565356,rock
3288,653696,rock
3289,902949,rock
3290,958609,paper
3291,578953,rock
3292,776109,rock
3293,938794,paper
3294,610697,paper
3295,613612,rock
3296,739782,scissor
3297,507927,paper
3298,338735,scissor
3299,665175,scissor
3300,284222,rock
3301,318601,scissor
3302,350045,scissor
3303,610473,scissor
3304,487272,rock
3305,117952,paper
3306,80339,scissor
3307,497164,rock
3308,404822,scissor
3309,360060,paper
3310,485757,scissor
3311,629623,paper
3312,456147,rock
3313,167515,paper
3314,541370,rock
3315,961677,paper
3316,949100,paper
