|produnitId|batchId|item_produced.paper|item_produced.rock|item_produced.scissor|items_discarded.paper|items_discarded.rock|items_discarded.scissor
0|P258|mr005|143|225|151|60|17|24
1|P986|um425|151|84|156|116|28|61
2|P631|fy268|203|161|91|17|9|23
3|P675|jq381|226|223|85|141|118|57
4|P796|sb894|65|248|221|10|126|125
5|P411|dz792|176|156|58|130|5|36
6|P203|hh809|371|183|283|46|68|150
7|P348|lp473|96|257|68|31|5|45
8|P930|jq430|193|194|282|71|60|84
9|P961|oj248|146|126|228|89|13|31
10|P507|an106|249|121|215|80|16|58
11|P801|xm495|79|134|181|16|22|75
12|P020|xw595|225|87|325|10|7|126
13|P224|rz124|208|80|209|62|6|26
14|P417|kf296|156|355|238|25|155|113
15|P071|cn614|182|180|257|156|52|118
16|P426|jj029|25|148|223|4|60|119
17|P557|bh019|216|164|231|6|0|145
18|P802|mn664|139|232|90|42|48|21
19|P591|uj790|141|43|199|15|8|14
20|P864|kz294|298|188|150|139|34|5
21|P306|dl078|348|224|155|67|131|1
22|P801|qp645|290|163|73|52|2|24
23|P203|pf915|382|234|130|18|3|0
24|P125|sf362|175|109|51|68|18|2
25|P349|rk406|180|47|160|135|11|106
26|P104|uw485|190|171|73|45|130|3
27|P426|oq644|297|252|157|109|13|54
28|P024|xc715|173|132|81|36|78|10
29|P766|eb364|229|186|111|1|42|13
30|P279|lv316|84|151|165|26|27|24
31|P064|cu210|192|232|203|61|101|61
32|P406|tn872|113|217|202|2|17|18
33|P632|mk182|231|174|96|48|52|21
34|P443|zq933|325|241|339|114|59|96
35|P983|tf754|178|92|195|94|14|121
36|P657|uk117|195|169|253|13|29|50
37|P349|kz670|287|376|321|136|116|36
38|P669|zd738|126|271|81|26|38|43
39|P714|ek896|201|137|177|50|0|52
40|P544|zb927|79|125|89|24|6|17
41|P772|ub400|251|158|351|0|64|127
42|P182|ss111|216|206|165|1|150|7
43|P237|ya254|152|307|263|18|62|16
44|P924|ba481|169|91|156|35|76|87
45|P136|lr414|191|215|312|71|17|30
46|P498|ay375|143|268|92|25|101|8
47|P964|ym014|181|193|282|4|87|118
48|P529|az177|51|47|37|13|1|18
49|P632|ek147|288|188|346|140|30|26
50|P702|ln367|240|271|162|87|132|57
51|P111|av834|42|75|25|1|6|9
52|P954|qb327|80|101|135|23|16|6
53|P104|xk892|127|172|224|115|140|103
54|P416|ih010|387|202|200|14|68|30
55|P004|nz129|126|60|175|1|10|22
56|P729|be903|92|198|109|47|12|2
57|P053|fz744|177|29|164|71|14|115
58|P946|jq934|243|176|135|73|48|24
59|P001|vc318|223|183|174|50|46|114
60|P135|lj246|248|104|149|8|22|5
61|P216|ao199|107|200|207|11|52|54
62|P135|qb525|230|192|148|32|2|11
63|P768|mf321|171|161|150|69|28|42
64|P501|ak189|188|236|194|7|44|64
65|P336|uo775|256|171|52|154|101|11
66|P258|xd630|55|252|88|3|7|52
67|P062|sk454|56|108|142|25|17|50
68|P838|fd424|140|85|165|81|52|55
69|P816|xj166|131|83|222|72|1|84
70|P468|em250|123|189|27|39|39|10
71|P001|aw745|139|75|204|12|0|84
72|P654|qw926|198|95|221|26|9|57
73|P720|av906|107|239|94|57|42|56
74|P046|ex987|268|251|170|31|42|95
75|P409|hf554|160|147|211|88|16|137
76|P789|lu619|257|123|254|12|56|28
77|P348|ve831|372|145|206|49|18|6
78|P694|zp324|138|85|326|31|20|99
79|P152|ka715|153|165|230|18|32|127
80|P175|yg887|145|120|23|72|14|0
81|P996|or639|155|137|273|65|9|122
82|P835|um102|223|217|328|88|19|106
83|P327|cm279|230|72|146|78|0|69
84|P449|uc469|119|79|273|88|2|66
85|P766|fm794|141|154|26|38|13|0
86|P200|wc742|86|230|252|6|16|55
87|P534|yl833|117|217|175|0|102|34
88|P594|wl491|58|204|215|9|125|154
89|P374|oz733|160|49|276|76|9|179
90|P789|px060|201|83|86|24|13|1
91|P987|yo968|261|199|93|5|55|25
92|P580|do997|90|211|96|2|18|11
93|P685|lx102|173|159|185|52|25|50
94|P047|fu927|187|75|211|56|53|43
95|P886|td408|155|78|164|57|1|11
96|P964|it817|240|248|170|12|83|61
97|P908|cj618|147|282|297|42|44|119
98|P182|ij650|215|124|97|3|23|4
99|P180|qm921|152|178|238|19|18|77
100|P175|tq382|183|176|192|53|5|23
101|P450|qz742|158|21|133|98|1|46
102|P404|js262|152|198|154|33|33|41
103|P732|qj367|277|301|116|29|105|25
104|P406|dt447|291|248|122|18|51|31
105|P234|lt562|407|263|222|54|21|62
106|P843|xd830|74|172|192|14|35|80
107|P856|ei206|170|261|150|0|83|2
108|P076|eo306|220|251|171|118|102|5
109|P104|px887|76|120|155|16|3|28
110|P830|rl194|184|241|285|10|9|165
111|P410|rd212|111|123|121|3|26|46
112|P767|ab591|66|242|163|0|103|8
113|P339|ma371|244|231|43|114|123|4
114|P374|gj928|128|239|68|76|50|15
115|P734|xw747|161|65|48|35|3|30
116|P867|yn415|88|178|212|32|82|50
117|P729|va038|174|215|109|108|176|50
118|P383|gl773|185|241|140|2|48|7
119|P498|zi749|148|155|84|48|64|13
120|P595|pk393|206|39|203|128|1|70
121|P316|lb678|155|173|117|33|23|15
122|P688|ri618|250|180|170|66|67|10
123|P930|xq429|209|206|90|20|78|32
124|P233|pf100|71|136|14|13|103|2
125|P652|pl358|50|173|256|32|62|76
126|P082|bx924|104|101|245|99|8|79
127|P058|fj239|264|206|203|113|11|18
128|P143|nn328|210|243|247|17|28|87
129|P790|hn564|75|190|181|0|128|106
130|P255|hx411|228|336|283|34|47|112
131|P672|ga039|212|233|106|25|118|101
132|P229|fk321|207|194|269|122|7|103
133|P344|dl514|220|281|304|49|8|29
134|P590|um432|155|186|195|14|44|95
135|P094|ux393|350|233|290|147|29|83
136|P812|vu180|140|179|120|17|33|15
137|P526|kf604|414|287|286|77|14|38
138|P125|hi463|184|195|205|37|25|86
139|P868|iw269|264|201|133|108|34|96
140|P509|wh047|287|414|295|5|127|101
141|P403|uh599|33|188|143|2|131|10
142|P672|bj045|201|273|290|22|116|173
143|P270|ia493|167|118|145|1|1|16
144|P872|mi486|131|80|174|78|14|5
145|P930|vp802|131|103|239|76|1|52
146|P767|zc953|93|165|98|36|99|10
147|P870|tj409|244|184|291|26|35|14
148|P711|xa928|129|227|224|73|2|38
149|P911|zh239|296|263|235|120|67|30
150|P269|yy336|275|266|132|15|166|24
151|P250|us061|257|258|100|123|12|16
152|P909|tm871|92|228|130|59|177|19
153|P289|rn116|77|67|254|11|17|81
154|P283|qv984|267|172|319|148|10|44
155|P955|ki823|91|113|120|49|24|44
156|P909|ji280|83|88|186|7|60|84
157|P250|ao370|206|173|66|27|59|6
158|P073|ez165|254|302|139|52|149|19
159|P492|am900|358|287|378|28|85|12
160|P534|yw373|296|197|201|90|82|105
161|P548|fj348|223|209|57|25|94|8
162|P930|ch969|159|309|191|60|132|76
163|P371|nt171|180|159|36|19|29|4
164|P452|bu305|247|221|242|74|34|144
165|P469|fp234|314|197|225|89|146|87
166|P433|yv802|236|203|167|88|71|55
167|P731|io939|110|294|280|7|84|61
168|P489|yi679|215|205|262|62|70|36
169|P129|my121|183|50|226|17|0|59
170|P537|mk173|244|231|313|122|2|23
171|P374|tu465|202|123|83|68|42|4
172|P020|yp753|176|177|125|134|12|31
173|P046|as271|149|236|289|50|15|108
174|P646|ek395|108|230|118|5|148|9
175|P542|cv177|231|130|265|151|75|155
176|P663|sb378|162|300|250|49|77|33
177|P534|hi319|84|80|188|8|76|4
178|P288|yf960|105|150|209|6|63|98
179|P191|ln835|119|233|288|3|8|140
180|P891|av139|71|225|92|5|111|21
181|P560|ty146|316|266|311|12|59|60
182|P858|fe904|346|281|221|56|35|37
183|P607|pn078|255|276|251|53|144|105
184|P489|nv848|33|113|204|6|3|42
185|P576|tq365|124|52|114|71|38|30
186|P069|ch143|110|181|96|18|121|43
187|P167|gc004|135|58|189|82|17|30
188|P407|vo140|183|213|229|65|18|29
189|P465|aa909|212|241|118|17|35|11
190|P561|ix293|219|162|133|132|1|13
191|P938|lj090|204|275|137|6|66|38
192|P121|vs861|108|176|176|14|95|75
193|P597|qe210|238|167|249|166|65|170
194|P639|oh225|335|270|180|68|9|27
195|P907|hm415|201|117|75|114|26|3
196|P044|qt355|258|200|212|31|65|56
197|P909|dx510|53|179|78|9|16|34
198|P796|gu069|77|162|242|16|6|50
199|P157|fd186|170|241|237|17|40|85
200|P967|eq988|172|80|208|114|27|64
201|P041|ux701|282|169|77|65|4|32
202|P180|wv666|102|220|57|17|166|3
203|P156|sa864|250|203|57|66|14|19
204|P159|ii842|156|43|54|65|5|19
205|P306|zb266|106|249|130|29|8|31
206|P237|tm685|190|176|183|156|1|31
207|P885|jn940|155|229|282|10|50|22
208|P135|rc752|310|202|130|87|51|17
209|P340|yc979|112|155|70|21|56|1
210|P954|lz667|221|204|198|69|94|73
211|P548|xj751|237|279|7|183|175|4
212|P144|bv432|75|157|197|31|27|28
213|P246|or627|196|51|241|73|17|21
214|P717|ry452|140|240|285|33|91|95
215|P239|fb571|212|253|214|89|29|64
216|P878|wq488|89|103|106|31|39|2
217|P320|lb088|221|152|246|17|15|82
218|P434|nv446|264|112|245|93|6|21
219|P497|vg312|188|113|113|185|18|25
220|P338|or138|316|176|223|60|6|83
221|P004|py078|238|337|246|19|171|55
222|P458|hj325|238|333|277|51|37|64
223|P631|eg653|181|90|234|8|16|190
224|P830|si856|260|235|224|3|0|151
225|P143|hw150|233|245|67|72|130|42
226|P742|vk778|174|248|108|31|115|12
227|P380|fb717|257|234|227|108|27|116
228|P755|db918|78|38|224|10|10|40
229|P900|sl238|36|303|129|1|114|34
230|P484|kp634|111|163|133|58|33|23
231|P628|lu556|268|70|181|130|41|157
232|P998|qg949|120|174|105|48|30|63
233|P428|at875|260|66|167|138|22|0
234|P089|ax554|29|205|128|6|0|61
235|P431|rb489|106|125|166|46|60|76
236|P670|pv639|262|272|286|65|1|141
237|P264|sa042|102|89|13|54|2|1
238|P468|pl723|82|206|287|7|36|103
239|P993|lo899|186|122|127|61|0|0
240|P121|xh196|54|196|84|1|61|0
241|P610|hz682|225|87|251|31|50|87
242|P392|sd980|141|184|207|33|63|35
243|P789|uh104|241|221|393|4|13|18
244|P879|ef092|237|321|153|76|77|55
245|P929|yv232|286|140|319|82|13|123
246|P122|oa575|185|136|231|177|33|116
247|P590|mf400|291|233|174|30|131|85
248|P382|ol215|228|307|309|2|113|113
249|P990|bv693|200|203|273|24|44|27
250|P234|jz524|235|344|332|30|43|2
251|P398|fg056|116|103|141|19|10|48
252|P938|yu901|272|308|237|69|12|97
253|P517|fg274|237|168|239|42|19|2
254|P341|bb855|168|189|258|99|38|38
255|P195|sx916|275|296|254|9|100|76
256|P340|ot377|116|68|207|3|28|59
257|P995|gr646|325|152|199|181|41|75
258|P043|os862|122|245|127|34|103|68
259|P448|xx831|121|165|61|61|124|1
260|P771|ql302|308|313|111|136|57|8
261|P699|vv782|262|174|112|77|5|22
262|P754|nc984|234|67|124|85|10|44
263|P288|yd538|152|59|51|66|3|13
264|P662|to321|107|303|192|3|34|36
265|P535|ro183|16|235|172|0|3|10
266|P955|jt171|298|322|262|112|73|79
267|P891|ep788|161|305|111|18|7|16
268|P379|ws232|158|210|202|86|155|37
269|P332|zu225|321|211|271|158|107|29
270|P044|ts339|253|187|250|74|21|103
271|P371|cc662|138|289|168|40|127|1
272|P173|jn667|76|279|221|4|3|62
273|P693|oh359|145|120|126|51|56|61
274|P188|fm361|247|343|348|5|57|9
275|P862|yx258|182|114|263|15|2|4
276|P102|qv996|171|87|251|125|41|122
277|P990|cu670|60|136|6|3|9|1
278|P615|rt949|258|99|114|66|0|21
279|P306|uf348|205|203|43|49|27|8
280|P911|qz768|282|123|99|132|40|16
281|P520|yl769|57|115|212|37|6|86
282|P069|mn866|103|252|276|17|20|165
283|P815|nb569|242|220|277|24|23|124
284|P252|zl722|118|296|263|4|54|128
285|P778|vl770|324|282|196|122|68|8
286|P736|ev697|101|85|170|50|21|36
287|P651|br847|276|125|245|81|2|166
288|P280|lm144|120|139|220|34|33|15
289|P625|ej327|352|97|254|29|4|35
290|P089|cc095|250|113|56|145|21|36
291|P931|uz812|233|111|133|127|7|2
292|P830|bu486|248|172|317|146|4|187
293|P884|ao363|143|165|109|4|55|7
294|P167|pd995|120|227|204|24|10|21
295|P289|um153|100|69|202|7|20|183
296|P008|mj217|118|287|278|6|136|110
297|P977|us103|265|200|195|27|29|26
298|P089|nv145|153|185|149|4|19|97
299|P465|ef880|82|178|31|22|60|29
300|P006|nv927|333|221|242|119|124|19
301|P008|gu450|285|338|322|149|176|179
302|P680|md652|159|242|100|32|67|0
303|P728|zo165|183|165|263|54|28|47
304|P250|ag082|231|112|234|136|79|59
305|P994|ru567|151|250|272|51|152|11
306|P414|mb436|48|295|199|13|48|8
307|P255|ov717|128|169|140|8|43|0
308|P862|dd315|91|45|24|17|1|11
309|P152|dd311|108|162|278|52|121|5
310|P662|ci956|197|77|108|75|21|7
311|P395|bz339|288|317|441|3|7|9
312|P900|qj795|133|242|140|29|39|42
313|P911|tc146|154|154|150|33|39|71
314|P113|bz443|202|233|277|114|24|58
315|P739|vo933|252|424|253|2|44|38
316|P631|oc460|45|255|78|4|28|8
317|P351|xg413|89|253|204|0|170|44
318|P749|zf574|179|201|135|22|48|9
319|P663|wu026|174|166|148|121|45|77
320|P326|zq839|251|77|224|27|26|62
321|P865|fe351|327|213|307|28|68|46
322|P285|wb758|105|97|183|72|25|55
323|P632|ba597|151|95|195|51|35|91
324|P607|ss000|263|215|285|1|19|80
325|P478|ir438|196|151|119|60|7|10
326|P717|ge282|158|125|247|51|14|17
327|P768|jl757|78|136|256|51|29|55
328|P004|pz863|58|191|67|14|72|13
329|P825|fl181|192|279|183|5|100|67
330|P152|lv540|214|279|106|99|76|1
331|P964|pb133|162|134|207|30|63|37
332|P357|tn783|208|204|107|94|22|9
333|P203|se229|367|167|241|137|0|11
334|P272|vx746|250|233|223|144|40|70
335|P191|hu529|75|172|176|5|43|90
336|P217|ut630|83|243|188|0|112|5
337|P217|ha678|45|121|211|2|77|54
338|P136|sp663|318|208|153|94|78|20
339|P638|ju965|167|316|246|10|115|157
340|P534|yu023|184|133|71|82|14|29
341|P624|bk188|196|194|223|20|13|109
342|P816|yg840|119|227|288|60|106|113
343|P999|al518|184|64|214|50|19|73
344|P906|ss867|273|297|153|15|111|26
345|P449|ln839|236|156|190|46|1|3
346|P182|it595|177|219|149|18|121|18
347|P428|wy696|125|158|179|7|92|66
348|P428|gq352|165|272|203|76|92|66
349|P103|re771|157|215|144|18|116|4
350|P830|es311|320|328|283|33|108|104
351|P552|ig216|184|207|104|93|36|36
352|P575|hg199|246|51|289|100|12|150
353|P758|os671|232|217|82|118|26|3
354|P883|wk719|234|180|326|2|6|38
355|P288|rf549|295|227|224|54|21|33
356|P410|cb622|219|192|309|94|147|124
357|P595|js247|172|253|72|51|77|7
358|P701|ih852|229|172|222|50|1|59
359|P104|ih859|236|72|174|74|6|69
360|P564|ih858|52|165|78|8|34|19
361|P092|ai329|141|97|247|20|39|27
362|P430|ki716|133|167|209|106|6|106
363|P614|gl375|126|91|255|35|3|136
364|P943|va652|87|149|269|10|17|98
365|P423|xh523|265|292|306|122|149|83
366|P449|eh577|177|253|106|77|84|12
367|P705|do226|213|123|239|115|1|7
368|P327|pr927|290|118|83|145|56|9
369|P043|rx391|77|224|111|1|35|22
370|P269|wt969|135|330|199|0|48|1
371|P883|tl128|196|109|184|32|26|84
372|P864|pu999|73|167|145|2|6|4
373|P774|cq588|179|230|146|0|121|21
374|P267|xb760|223|179|203|83|101|57
375|P812|la328|194|297|263|5|86|53
376|P224|xz029|144|16|44|6|0|4
377|P299|ui550|116|243|116|32|139|29
378|P895|xv662|129|333|216|0|163|16
379|P646|cj701|171|282|103|19|119|33
380|P300|ms413|83|172|220|2|39|84
381|P224|kd817|223|98|272|36|25|93
382|P564|so324|403|233|264|8|46|24
383|P500|hd226|122|273|152|14|64|5
384|P835|rm668|122|268|191|41|133|103
385|P186|ry626|278|104|264|17|5|94
386|P020|if893|353|163|284|48|4|134
387|P463|xh071|96|67|145|0|7|64
388|P273|vm543|196|286|114|143|65|22
389|P112|dm468|278|157|369|65|3|43
390|P729|mm478|321|338|282|85|16|35
391|P946|ui559|235|178|162|88|4|68
392|P529|nu176|206|242|161|150|158|28
393|P720|vv049|233|194|179|43|49|127
394|P631|jq243|103|73|85|54|10|70
395|P646|of551|254|118|108|98|45|27
396|P490|se193|285|242|175|106|103|25
397|P414|qr617|93|126|230|21|7|70
398|P273|sd117|122|162|140|14|78|47
399|P631|al858|218|347|177|119|90|32
400|P692|ct422|226|182|69|122|6|7
401|P180|qs712|249|76|168|146|39|28
402|P665|yh018|186|230|191|4|69|19
403|P423|yg814|153|166|133|103|51|12
404|P058|ql178|313|185|146|138|75|22
405|P044|fe637|464|329|490|62|102|102
406|P560|wu814|23|150|76|3|108|68
407|P859|dl313|215|202|55|25|109|16
408|P576|ai641|203|230|66|59|96|16
409|P772|ec321|186|218|259|32|114|100
410|P792|fo191|109|220|202|52|31|9
411|P604|jz512|263|116|292|29|21|100
412|P839|mx850|161|183|163|49|79|98
413|P061|tz577|20|30|156|0|25|65
414|P085|ey554|172|146|157|89|86|65
415|P338|cb380|322|189|345|94|26|17
416|P311|bk513|114|105|219|46|24|84
417|P547|hs440|114|211|26|71|60|18
418|P256|ku001|75|60|144|20|31|35
419|P044|aq653|35|145|95|27|46|16
420|P878|ku004|232|137|159|111|52|48
421|P238|dw185|137|96|112|3|21|62
422|P842|ct519|244|229|189|96|50|7
423|P801|cu060|221|332|77|144|51|19
424|P255|vn455|278|277|134|41|61|6
425|P431|gb712|152|63|259|69|3|180
426|P127|mx141|110|77|208|16|4|70
427|P316|fl802|148|149|130|112|83|14
428|P326|my494|96|139|54|33|98|11
429|P412|bs857|278|78|280|107|24|126
430|P273|oj323|347|260|397|196|4|75
431|P311|eb315|157|124|145|74|56|8
432|P529|ke824|284|27|289|42|5|44
433|P619|kg500|222|212|252|85|92|34
434|P886|je431|28|299|299|4|97|89
435|P493|gh493|119|108|115|1|3|10
436|P062|tc205|166|64|58|29|3|7
437|P425|pv370|231|117|285|44|24|47
438|P951|uz801|123|194|98|46|41|41
439|P766|ts019|46|102|294|3|5|65
440|P322|zu673|311|253|178|32|95|20
441|P793|ou438|350|174|251|33|15|25
442|P616|jf446|342|181|317|172|1|1
443|P302|zh415|102|88|204|35|31|93
444|P590|me422|196|155|127|71|60|0
445|P002|co043|357|168|251|66|32|86
446|P127|rq653|103|246|84|27|76|6
447|P312|vc504|108|236|277|18|90|8
448|P427|uc102|273|106|236|3|34|95
449|P533|ir978|151|263|222|44|15|22
450|P885|vm827|298|223|80|83|18|21
451|P407|nw416|381|234|248|87|30|51
452|P917|sb192|132|164|17|3|38|10
453|P896|ks883|207|253|263|34|29|45
454|P793|ao224|410|236|316|170|31|92
455|P044|le443|145|270|199|6|42|19
456|P917|oy534|146|313|300|21|82|166
457|P734|hi336|250|227|96|60|55|1
458|P292|wh272|108|273|167|13|126|19
459|P742|bu072|226|230|239|148|1|0
460|P758|qo829|176|229|271|75|1|137
461|P256|yl579|155|275|164|20|125|60
462|P195|fs940|210|189|49|106|26|10
463|P065|gt028|170|310|266|142|40|99
464|P160|ln331|160|61|150|139|35|26
465|P647|id221|124|168|144|47|11|71
466|P831|ch122|217|136|195|74|61|6
467|P245|vx130|107|203|287|4|85|144
468|P758|hh112|223|274|363|33|145|97
469|P473|dk940|261|124|285|111|9|179
470|P734|sv682|100|260|115|0|11|2
471|P139|nz773|216|132|215|47|32|87
472|P046|tx329|359|96|212|63|28|59
473|P425|ic690|181|199|259|72|1|65
474|P543|lw083|121|119|94|13|45|20
475|P113|ca204|134|133|267|46|84|33
476|P047|iu434|221|193|146|52|125|2
477|P493|es095|83|125|220|4|60|84
478|P345|om643|227|147|105|12|80|14
479|P893|vb102|206|214|211|104|119|105
480|P270|mr417|186|219|258|16|94|78
481|P842|aw087|260|229|249|89|130|169
482|P638|zh628|69|333|102|0|83|2
483|P423|tn049|157|132|176|35|4|115
484|P665|zm762|269|160|328|23|85|130
485|P146|mq201|119|142|168|11|44|55
486|P345|il016|133|116|119|34|2|22
487|P858|fs838|309|164|265|187|52|57
488|P695|oc297|135|109|161|41|54|82
489|P465|nj967|138|226|114|83|142|13
490|P568|nv964|187|90|195|112|52|79
491|P999|wv425|145|192|90|9|18|35
492|P943|us603|195|119|171|20|25|33
493|P431|pi597|99|76|219|48|4|73
494|P985|ix945|199|179|309|53|60|89
495|P044|pj938|71|100|176|35|50|5
496|P509|rq503|153|270|49|26|69|20
497|P405|yc351|194|169|154|46|62|9
498|P207|xd407|159|59|29|117|12|8
499|P828|vh690|92|103|65|10|48|0
500|P977|ed501|267|205|272|80|11|112
501|P113|yb360|36|173|106|1|127|52
502|P695|xs543|56|227|212|9|12|152
503|P693|sz331|190|274|139|28|4|1
504|P409|vx862|158|119|155|93|26|80
505|P076|xs368|136|165|92|72|27|2
506|P699|ew935|283|315|240|51|82|87
507|P610|rt569|340|193|211|51|17|36
508|P118|su882|219|99|319|12|14|124
509|P413|nd514|143|218|211|39|83|36
510|P697|nk812|213|214|211|49|158|64
511|P452|ps794|239|132|89|67|7|0
512|P525|ax575|277|106|155|98|28|7
513|P909|ma691|317|341|163|40|12|37
514|P816|il346|221|157|195|24|44|11
515|P497|cl248|256|171|70|143|32|3
516|P986|ww958|141|144|91|2|8|3
517|P964|vl999|48|113|165|2|16|79
518|P085|no518|206|242|194|103|27|19
519|P632|xy589|129|143|259|22|19|67
520|P812|st778|320|165|182|152|69|22
521|P857|pb909|133|209|64|19|43|1
522|P118|wt971|323|168|437|64|22|94
523|P247|sz024|169|56|159|118|0|101
524|P534|xb754|135|170|202|4|134|24
525|P501|ys642|220|127|83|156|11|67
526|P134|dj153|203|282|201|68|11|11
527|P041|lc995|284|211|326|140|50|12
528|P857|gh460|67|230|272|3|55|139
529|P920|hy645|95|235|272|18|67|75
530|P031|iz544|221|159|184|25|23|131
531|P774|lh722|255|187|185|96|48|10
532|P609|ar911|39|262|192|18|57|69
533|P142|fx962|40|241|143|9|96|47
534|P371|ou037|137|83|367|19|13|176
535|P647|xh088|309|328|273|119|117|92
536|P518|se745|118|234|155|54|80|29
537|P479|xh081|336|397|303|45|154|84
538|P046|le901|246|212|150|64|27|35
539|P884|vm792|244|251|199|131|15|73
540|P912|jr745|213|201|273|168|11|25
541|P632|ds668|151|209|205|35|7|57
542|P242|rs230|139|215|285|98|161|136
543|P853|wo413|205|82|189|63|21|97
544|P807|hz739|234|75|170|174|13|117
545|P103|pg843|6|234|146|6|56|27
546|P088|oj992|224|51|192|60|0|101
547|P537|pd505|121|165|186|46|6|57
548|P632|cq178|72|253|140|2|149|75
549|P370|zl239|105|191|136|23|123|9
550|P715|mh833|133|223|167|9|22|51
551|P004|fv538|155|220|124|36|11|55
552|P435|hx910|227|185|120|4|5|3
553|P053|yc905|227|208|175|66|105|37
554|P624|ay163|40|111|161|2|6|47
555|P157|ur270|177|220|92|80|80|57
556|P212|bo978|240|97|183|92|66|136
557|P058|lo342|207|41|194|117|9|55
558|P318|jx827|197|143|184|75|24|9
559|P014|ue726|282|309|235|21|12|101
560|P612|ui092|291|332|224|4|46|85
561|P900|pw569|340|296|185|122|17|52
562|P685|rt637|134|233|85|39|44|6
563|P552|uw286|182|110|170|93|0|10
564|P127|hs800|221|193|89|141|48|19
565|P831|vp272|321|274|254|3|11|0
566|P802|tv182|285|156|147|138|46|72
567|P856|ts953|289|126|377|13|38|128
568|P537|zy583|114|133|10|30|47|2
569|P411|gf196|233|109|186|81|1|54
570|P252|ui385|86|156|268|40|94|140
571|P835|hp529|237|179|61|122|3|18
572|P283|fk970|257|168|221|18|65|54
573|P729|tm882|271|277|352|0|11|0
574|P271|pr305|292|274|111|133|59|57
575|P698|bs848|222|226|164|84|14|60
576|P224|ch955|298|176|286|67|71|106
577|P270|hg841|210|94|183|20|30|91
578|P258|ie967|305|184|340|146|8|80
579|P326|yi201|152|80|151|31|13|116
580|P338|nt689|121|203|6|10|144|2
581|P710|qj407|217|243|286|30|2|167
582|P061|bh348|203|260|73|118|23|7
583|P381|gt470|220|175|397|4|14|90
584|P201|mu445|242|244|196|16|137|21
585|P835|na462|167|159|199|85|56|13
586|P424|bh345|268|223|172|21|31|1
587|P594|sv854|158|147|160|0|26|16
588|P796|ew659|73|190|203|18|12|30
589|P943|dg835|117|297|240|55|62|67
590|P395|cw433|133|293|230|21|49|103
591|P071|fm291|166|143|266|21|59|103
592|P906|as220|338|117|165|159|8|10
593|P116|zs884|314|342|477|11|16|150
594|P182|ir385|41|81|190|0|17|20
595|P817|ba609|46|76|36|10|5|13
596|P763|bz665|254|224|299|23|19|156
597|P996|kd500|59|174|234|5|33|11
598|P155|vc354|213|245|284|38|21|17
599|P271|py465|224|82|174|149|3|155
600|P182|cz735|272|218|152|42|80|22
601|P652|kg058|265|298|325|89|32|107
602|P711|as138|133|213|308|18|51|48
603|P537|in474|146|164|229|52|91|96
604|P557|af955|246|370|176|114|0|34
605|P509|nv906|220|194|201|173|31|143
606|P530|ep100|239|253|205|56|112|141
607|P312|af959|189|244|159|48|162|35
608|P729|yk910|156|57|156|47|0|12
609|P286|xo062|119|172|72|20|68|8
610|P203|ag425|220|256|138|13|32|11
611|P328|tr970|74|147|141|3|6|7
612|P237|qu893|235|116|219|34|61|1
613|P414|hm429|250|190|45|82|58|13
614|P144|nm717|256|200|316|103|49|136
615|P076|jn512|130|144|31|27|53|5
616|P911|py642|258|255|223|155|129|103
617|P659|zw403|182|274|345|29|117|71
618|P383|qn505|286|112|137|110|14|89
619|P672|bq747|266|169|308|36|32|60
620|P424|qx596|392|188|122|185|67|2
621|P675|gt308|144|143|108|1|0|27
622|P907|do334|234|114|255|137|9|78
623|P043|lv564|276|95|238|35|13|103
624|P930|wy106|214|268|71|117|66|1
625|P632|lg825|194|227|161|42|159|65
626|P699|rm938|70|249|31|1|69|0
627|P134|mq218|148|287|143|18|7|1
628|P448|bp349|285|336|272|62|124|67
629|P295|ps304|104|251|129|44|17|73
630|P004|dc444|219|169|82|98|15|19
631|P688|yt537|122|183|192|80|97|21
632|P857|sp790|165|129|57|87|53|7
633|P041|bu939|141|203|291|3|10|112
634|P830|yt842|49|51|214|3|47|86
635|P830|dt065|209|72|227|100|10|78
636|P561|kl877|219|70|191|96|1|113
637|P815|dq343|112|108|280|6|3|147
638|P619|dn269|156|118|190|26|25|108
639|P302|ke636|189|238|148|5|110|43
640|P151|zl715|105|115|118|75|101|91
641|P295|wx703|99|280|87|13|179|5
642|P856|ex491|88|193|225|76|125|155
643|P917|ac583|111|69|223|22|2|152
644|P517|mf981|122|129|146|61|37|30
645|P995|nq059|160|179|234|37|75|80
646|P058|oa990|158|191|135|53|98|55
647|P852|ze702|242|163|273|34|6|128
648|P638|wv141|212|226|192|4|50|70
649|P657|kh156|110|404|321|3|161|157
650|P893|ed292|68|102|192|14|40|88
651|P820|go606|221|239|171|18|89|63
652|P439|ks779|165|241|198|26|51|9
653|P411|wg026|286|117|148|9|1|62
654|P651|tl108|94|105|61|73|44|20
655|P274|dm667|184|192|251|96|7|160
656|P112|ri431|147|149|146|118|114|26
657|P646|eb982|199|88|156|78|12|10
658|P858|td351|230|243|248|135|123|108
659|P186|bm922|151|241|181|7|17|18
660|P185|db311|77|138|248|32|10|5
661|P729|zs189|254|105|288|34|0|52
662|P302|gy179|127|264|138|75|65|14
663|P628|lp294|195|223|173|117|161|150
664|P217|hy981|270|346|418|70|54|116
665|P708|kr606|303|160|116|96|12|12
666|P404|fg719|138|173|323|40|68|78
667|P173|qv073|231|93|185|4|20|32
668|P869|hn560|259|340|213|105|36|21
669|P489|mk465|152|123|269|41|28|100
670|P465|xy111|224|318|71|3|54|14
671|P667|tg492|60|327|144|34|82|40
672|P392|qs731|162|230|78|59|8|7
673|P807|wm637|355|365|313|138|116|99
674|P763|tw064|123|279|161|43|15|71
675|P964|nj603|287|87|145|180|14|37
676|P687|nc570|207|256|251|56|37|30
677|P406|gh034|148|151|231|82|34|25
678|P529|is542|194|239|147|12|58|12
679|P009|ch948|240|230|156|149|14|4
680|P869|ld133|52|138|88|0|7|25
681|P730|dm061|271|130|34|17|6|1
682|P132|zl173|159|236|142|6|164|34
683|P517|jj167|166|166|135|9|54|71
684|P395|ny939|255|308|239|48|27|74
685|P126|jj160|203|113|304|13|18|35
686|P986|mb538|190|227|23|58|50|8
687|P717|xe223|248|126|155|108|17|18
688|P299|lx618|335|169|387|74|17|70
689|P533|nj548|58|65|176|7|8|8
690|P014|jb038|218|66|278|17|6|141
691|P825|cu002|162|228|239|46|20|131
692|P545|ia452|145|131|178|12|14|51
693|P517|hf772|220|83|197|82|10|19
694|P434|oy742|151|89|115|131|7|65
695|P212|xm759|235|298|206|64|59|84
696|P218|oy747|150|175|253|39|48|69
697|P884|yh292|316|284|246|143|97|45
698|P426|qi059|200|186|253|53|16|112
699|P357|mt154|81|71|148|6|49|43
700|P714|zh655|171|145|144|34|14|12
701|P699|bt334|124|274|293|10|152|56
702|P507|jh780|244|65|225|29|4|28
703|P316|kb215|194|265|165|3|73|19
704|P313|jb291|134|297|290|77|176|72
705|P412|mx945|204|150|160|16|55|1
706|P435|ov562|157|239|103|43|82|19
707|P300|zy756|194|247|219|31|47|80
708|P759|uq848|233|287|201|111|27|4
709|P022|bm448|130|109|131|67|50|23
710|P816|mp489|214|88|162|60|8|40
711|P357|dt372|223|243|135|79|112|75
712|P526|zh385|104|195|103|7|164|54
713|P167|cr446|293|315|114|52|142|9
714|P492|fa717|314|341|103|121|142|64
715|P380|ch927|90|140|183|87|131|92
716|P432|hj738|267|176|84|128|6|31
717|P995|yg675|148|252|268|33|100|52
718|P599|ln867|212|149|301|55|45|120
719|P885|xr605|245|154|259|87|2|89
720|P743|vu785|281|258|166|92|80|34
721|P326|kz620|210|184|166|42|2|19
722|P547|rj017|138|268|199|8|60|68
723|P535|zx405|197|197|125|21|154|4
724|P749|ez631|65|254|118|13|66|23
725|P743|mh743|257|181|64|84|3|16
726|P432|ub270|83|188|110|12|7|20
727|P189|fi449|190|172|227|110|8|69
728|P384|vy644|116|217|187|41|39|68
729|P160|bk713|216|269|143|21|87|51
730|P432|mq682|254|66|168|114|4|18
731|P285|mg354|236|241|192|95|30|11
732|P328|sy694|202|209|174|150|123|16
733|P404|bd177|181|46|106|154|6|2
734|P196|fe701|148|245|217|3|56|123
735|P463|io809|206|64|286|80|8|165
736|P392|co339|135|181|111|16|82|31
737|P560|vr914|217|141|115|70|1|19
738|P695|ni562|226|220|57|64|86|2
739|P370|cz972|146|206|165|22|115|81
740|P887|vh938|276|234|272|81|15|40
741|P914|fj830|92|134|183|40|58|169
742|P103|vo186|296|257|330|80|60|134
743|P161|yd806|220|176|180|22|38|8
744|P299|lu853|210|189|165|1|55|8
745|P597|js910|243|235|260|159|114|17
746|P287|hb203|97|121|120|18|101|14
747|P316|xf021|231|163|67|106|30|41
748|P096|az121|136|75|43|24|11|13
749|P667|jo055|275|55|41|85|14|9
750|P293|lq007|222|90|160|12|10|77
751|P917|qe341|239|125|147|138|43|25
752|P379|sf031|134|89|208|78|10|126
753|P295|mk592|244|215|179|63|55|10
754|P715|bt528|194|218|74|126|132|26
755|P912|mj625|261|295|254|133|90|43
756|P062|st977|159|52|124|67|3|35
757|P879|ny289|299|144|168|44|31|77
758|P920|ob258|116|221|330|24|82|9
759|P007|zk670|129|95|191|122|1|102
760|P146|mi241|384|234|267|91|167|49
761|P071|if042|94|204|107|12|78|32
762|P609|xj336|228|384|151|18|18|77
763|P992|na639|220|348|174|79|144|23
764|P238|fb530|54|258|235|6|88|46
765|P426|xp865|193|176|21|149|163|1
766|P207|iu257|188|290|260|31|14|45
767|P111|ss501|9|197|154|1|149|11
768|P825|ah251|227|143|161|104|61|25
769|P007|jt640|124|173|133|4|20|7
770|P638|mr550|175|143|290|132|29|142
771|P774|cy995|220|203|224|32|8|14
772|P552|lj837|132|232|204|47|33|131
773|P526|vi903|211|154|171|71|35|68
774|P259|fp933|113|186|4|38|161|3
775|P229|db549|252|297|208|44|111|26
776|P043|cc612|255|284|276|6|59|12
777|P246|px230|51|114|255|8|6|151
778|P838|zk254|234|247|262|147|121|167
779|P414|eu121|95|269|291|3|173|104
780|P143|ia503|179|85|78|69|2|48
781|P449|dl904|218|86|267|18|10|72
782|P487|ry891|125|193|288|5|24|169
783|P496|ii622|148|114|150|3|15|107
784|P473|hz531|81|129|176|12|83|115
785|P426|wb465|129|148|154|7|87|3
786|P175|mt273|261|89|157|59|0|52
787|P439|yo264|262|269|298|44|89|39
788|P830|wj078|148|167|182|69|135|91
789|P382|un231|274|177|104|93|141|0
790|P340|by577|337|215|164|94|75|32
791|P964|qa882|186|201|91|45|33|37
792|P395|zw613|149|266|303|5|2|44
793|P169|yb180|56|223|35|10|96|6
794|P354|am789|260|268|147|51|9|3
795|P407|ks382|208|150|163|37|9|1
796|P238|ph646|193|282|205|39|44|5
797|P238|cs711|75|163|217|28|37|27
798|P047|ae772|207|174|212|36|94|104
799|P710|sh094|314|297|373|59|35|35
800|P128|rl141|247|124|191|115|88|106
801|P313|ww306|309|217|231|145|58|117
802|P672|aq269|163|108|250|39|35|138
803|P434|vo513|206|61|51|28|4|23
804|P932|hc254|314|245|222|103|127|51
805|P246|ep165|133|121|151|102|12|45
806|P715|zw761|344|110|74|100|2|13
807|P884|mo343|159|229|176|112|31|6
808|P264|st159|34|256|268|14|4|128
809|P450|lf926|249|105|177|37|2|18
810|P240|cm514|83|78|351|3|23|144
811|P170|de790|106|186|23|6|69|4
812|P170|pr192|82|122|91|2|3|14
813|P030|kp122|125|181|156|3|9|81
814|P061|ve292|95|195|70|75|52|4
815|P728|xb649|95|205|64|5|33|0
816|P756|ki182|206|209|173|97|30|77
817|P270|qh132|219|127|117|70|3|17
818|P631|yq847|174|252|64|112|130|18
819|P336|zm560|337|277|359|1|52|5
820|P517|by593|216|121|267|52|95|85
821|P608|jz418|84|186|195|3|22|0
822|P705|up072|126|93|191|17|10|104
823|P424|ru838|129|116|313|6|41|52
824|P552|cp715|107|218|69|46|11|17
825|P624|zp511|173|115|220|18|42|132
826|P352|ed867|107|119|245|15|32|47
827|P286|eo151|159|218|183|58|65|22
828|P551|zy614|285|324|127|77|36|1
829|P292|pg957|223|233|289|53|26|73
830|P732|rv477|67|170|116|2|114|12
831|P831|po184|235|141|181|103|23|31
832|P327|hn199|46|219|59|0|126|10
833|P812|np730|194|175|207|9|2|64
834|P680|cu018|204|261|283|60|160|29
835|P665|ff633|62|58|192|2|31|93
836|P304|nd889|176|214|32|19|98|3
837|P986|km282|246|222|136|17|89|8
838|P639|br803|161|91|106|69|19|27
839|P466|vp211|221|163|221|41|9|72
840|P312|gm876|198|130|191|156|21|53
841|P501|rh112|199|174|119|97|21|13
842|P324|nr777|233|37|253|93|0|2
843|P652|jd443|121|177|201|18|46|148
844|P838|fg900|163|355|253|70|166|24
845|P669|ky440|260|154|327|119|18|67
846|P830|wu444|254|337|374|38|43|95
847|P321|vl226|296|356|332|53|142|82
848|P987|zd578|300|198|231|87|53|57
849|P651|tg069|81|146|183|37|30|23
850|P068|fz981|218|131|139|19|3|34
851|P160|qr008|231|84|82|14|8|5
852|P756|fk006|169|158|224|18|63|17
853|P182|cj204|182|147|168|84|22|68
854|P862|gs794|170|120|379|17|27|80
855|P273|ti853|269|281|346|33|108|129
856|P938|ua265|197|192|79|96|7|18
857|P843|cd937|389|196|309|160|11|30
858|P754|ty516|184|227|199|120|51|56
859|P071|ft586|107|338|192|4|51|8
860|P671|wt563|167|90|163|4|26|55
861|P338|lb371|199|245|160|51|112|16
862|P351|ai859|169|161|228|17|15|62
863|P566|nm894|236|198|114|5|29|97
864|P468|uz967|49|109|172|2|21|11
865|P413|ox693|307|263|199|126|56|7
866|P874|gw786|17|154|56|7|150|20
867|P614|xq587|142|199|196|51|88|10
868|P173|br022|138|180|156|117|28|13
869|P608|rt904|44|224|194|7|66|67
870|P179|uz269|189|352|228|52|156|13
871|P321|fu215|352|240|314|142|92|40
872|P311|cr543|296|234|189|124|62|9
873|P256|mo774|218|352|143|80|63|17
874|P161|sn030|213|212|88|73|80|51
875|P132|dd231|288|81|149|69|36|27
876|P883|jl249|74|272|120|49|94|16
877|P412|ao137|75|158|286|64|70|21
878|P611|nr006|172|220|123|102|100|38
879|P423|mk906|91|242|117|59|59|34
880|P805|dh203|32|39|157|30|26|100
881|P061|hs603|217|259|257|141|152|165
882|P104|tj756|107|146|194|18|69|133
883|P858|yp673|247|134|202|79|49|63
884|P300|nj588|152|159|332|22|61|139
885|P442|eu504|200|153|253|54|28|84
886|P264|jx570|399|220|387|50|4|136
887|P407|fi548|175|121|223|50|35|88
888|P248|wk824|102|178|175|42|84|62
889|P071|dh590|197|263|165|64|28|46
890|P493|ep221|126|285|71|15|95|0
891|P999|ge353|390|394|297|159|14|48
892|P143|iu022|156|303|189|70|139|57
893|P043|bq723|146|242|281|63|83|122
894|P160|pl455|161|166|125|8|110|34
895|P272|rc728|227|162|156|83|15|80
896|P604|bl371|183|134|156|29|6|6
897|P024|qx931|169|112|241|23|11|81
898|P304|tm989|238|242|205|3|154|57
899|P838|uy822|212|228|81|115|68|8
900|P702|gd864|122|221|292|84|188|175
901|P009|fr519|309|269|336|88|71|44
902|P811|tq332|146|76|288|56|4|24
903|P155|po539|146|234|324|14|19|22
904|P693|bb066|137|189|226|25|16|1
905|P767|dy433|169|119|146|70|10|6
906|P441|xz335|271|181|290|2|49|45
907|P159|jn409|125|205|186|60|36|49
908|P044|qd939|44|145|78|5|41|72
909|P371|uy955|267|24|291|51|1|7
910|P344|te339|227|281|240|37|9|55
911|P324|uu112|205|272|185|82|153|43
912|P672|jd115|280|267|71|117|79|5
913|P407|wc852|130|88|105|40|24|43
914|P198|qm006|44|137|207|12|122|55
915|P900|yq079|244|254|75|32|156|16
916|P218|iu060|162|178|215|13|46|137
917|P878|yy724|214|252|191|14|36|67
918|P977|kp834|118|177|144|72|86|22
919|P838|yt829|132|154|117|17|57|30
920|P548|go023|271|51|238|63|5|14
921|P639|zw415|115|170|229|0|14|40
922|P466|sk444|294|298|224|64|83|12
923|P887|cu833|146|235|126|5|50|58
924|P612|ii384|247|163|179|75|9|23
925|P545|gu163|154|213|214|19|124|3
926|P008|qi573|218|153|221|175|111|127
927|P492|fb455|124|160|208|2|7|16
928|P971|kd588|88|105|52|73|35|0
929|P484|bk019|212|195|25|47|103|19
930|P474|yz161|102|141|133|52|42|94
931|P313|re368|120|177|216|40|34|31
932|P212|gq558|212|198|70|120|103|25
933|P380|sx292|67|187|153|23|123|13
934|P843|cn859|92|288|259|53|123|87
935|P830|gq221|29|214|236|2|122|87
936|P320|jd750|94|79|216|29|19|96
937|P108|xc013|236|315|309|20|59|106
938|P258|xe963|179|170|128|108|60|87
939|P464|tt382|123|301|108|12|135|4
940|P448|hd664|325|314|360|2|46|91
941|P550|nu283|289|146|172|151|51|18
942|P955|hq519|186|112|53|19|42|5
943|P595|ih967|202|215|92|27|11|17
944|P631|ef602|84|186|170|32|45|1
945|P341|px712|66|202|155|9|102|10
946|P672|qu297|162|93|80|70|33|10
947|P954|rx048|97|219|90|21|7|8
948|P076|sa654|177|225|242|47|44|14
949|P754|ho907|120|108|240|18|1|36
950|P919|tl013|197|159|159|133|67|72
951|P442|uu321|153|149|182|15|56|48
952|P576|ur801|280|122|254|45|25|34
953|P665|tx814|159|131|138|96|25|36
954|P805|gs810|245|108|202|85|13|8
955|P414|kd968|144|129|223|37|50|38
956|P398|au974|166|113|74|70|52|14
957|P296|bm897|206|89|51|74|82|3
958|P195|ga097|135|286|37|69|149|0
959|P661|qh140|118|281|199|16|0|81
960|P286|cq142|153|196|124|29|130|101
961|P758|yh720|222|310|144|41|23|13
962|P669|ci723|215|268|212|95|122|121
963|P256|su328|475|306|290|106|72|40
964|P182|vv466|220|96|273|66|12|135
965|P843|fk141|223|205|164|147|34|38
966|P825|oa556|147|99|184|91|28|84
967|P071|qi430|117|72|193|37|30|139
968|P812|sk864|82|245|64|23|132|12
969|P237|cz377|258|253|250|102|133|81
970|P711|zy604|234|14|152|175|0|81
971|P126|be716|258|233|180|125|91|60
972|P659|xq351|168|281|204|78|149|9
973|P766|bn033|177|94|52|37|11|12
974|P665|ey231|63|85|118|16|2|26
975|P321|ft928|102|270|61|7|140|0
976|P279|zo952|47|87|194|0|26|47
977|P403|sm042|128|169|195|21|31|153
978|P557|ej510|83|356|241|2|6|12
979|P117|pw756|219|280|178|47|87|23
980|P308|rs680|62|137|214|2|66|52
981|P281|mg707|113|167|273|1|24|8
982|P403|jg824|79|208|261|1|55|53
983|P322|fv163|183|240|36|34|40|26
984|P575|jf265|85|169|134|6|5|37
985|P680|hi284|229|204|164|156|93|41
986|P326|sb220|235|121|278|31|3|31
987|P732|ye438|201|95|290|29|0|109
988|P959|uo512|80|92|234|33|29|109
989|P264|sx987|163|124|98|7|103|24
990|P772|yv099|297|289|298|38|79|36
991|P843|rr155|67|230|91|43|83|76
992|P691|ef362|225|222|120|49|7|26
993|P998|wo620|199|150|135|134|109|26
994|P274|yf707|203|159|236|39|6|57
995|P545|nt711|215|151|252|36|74|110
996|P608|zj974|217|133|262|4|9|36
997|P180|fo002|158|140|52|10|28|2
998|P631|mc315|148|120|52|29|10|20
999|P371|ts293|30|181|95|0|3|9
1000|P834|pz188|232|161|223|9|80|22
1001|P729|xv832|159|208|162|3|70|44
1002|P004|kz393|205|194|132|72|88|0
1003|P223|kj342|189|237|277|10|27|71
1004|P663|ag213|165|119|242|12|92|113
1005|P625|de240|150|230|63|33|15|24
1006|P921|ns700|156|66|176|37|24|53
1007|P259|qc954|74|259|105|17|52|37
1008|P076|pr221|210|149|322|15|1|14
1009|P298|cq855|316|176|239|188|7|85
1010|P742|wb853|223|108|184|103|3|29
1011|P469|hh488|182|223|204|48|120|50
1012|P886|yp247|245|200|183|12|23|40
1013|P720|wo931|206|228|160|71|21|1
1014|P450|gt889|192|57|76|119|25|47
1015|P964|ie887|199|52|153|66|20|33
1016|P268|lk327|254|258|153|82|69|3
1017|P234|qa172|186|187|134|34|22|21
1018|P556|tx967|257|285|173|42|28|25
1019|P531|mp754|197|114|110|32|33|45
1020|P891|ym647|205|199|172|106|4|73
1021|P432|ug733|99|261|164|16|104|69
1022|P564|co136|114|141|89|39|9|62
1023|P450|xb128|269|238|197|175|100|35
1024|P996|rq234|184|168|189|56|130|62
1025|P924|po838|242|206|214|152|64|1
1026|P665|it701|385|209|292|75|75|172
1027|P065|gk633|232|271|100|46|97|13
1028|P625|qp368|263|69|223|44|8|84
1029|P058|bd285|248|251|157|6|6|0
1030|P772|mj190|303|275|169|15|25|29
1031|P452|qv906|111|126|44|25|119|13
1032|P321|mj198|82|212|189|17|120|31
1033|P008|hm290|179|198|227|55|22|47
1034|P564|qp768|141|122|34|1|38|1
1035|P922|mv747|100|236|229|17|14|44
1036|P619|pi593|147|29|216|78|11|85
1037|P544|tf054|265|309|332|77|45|65
1038|P233|sf834|93|205|268|18|135|9
1039|P274|ix182|274|164|90|55|7|20
1040|P009|wq512|248|326|180|39|185|6
1041|P096|ze958|159|117|90|3|3|23
1042|P530|rp941|201|105|123|29|18|54
1043|P805|ty491|128|118|280|6|64|86
1044|P705|bl560|206|229|190|40|21|44
1045|P671|vs573|191|196|353|10|50|112
1046|P449|bu890|207|215|263|116|44|51
1047|P591|sw370|115|177|245|16|54|28
1048|P218|rr969|281|120|162|17|53|19
1049|P427|ny422|353|215|193|80|27|0
1050|P409|mq248|252|251|152|75|90|18
1051|P521|if065|230|156|226|109|27|27
1052|P805|yz281|196|275|96|7|121|3
1053|P273|dy424|184|198|124|38|106|36
1054|P020|al562|209|148|136|42|5|10
1055|P780|it678|173|222|151|30|143|1
1056|P820|lr126|201|169|182|119|140|115
1057|P985|sb447|103|212|122|2|128|1
1058|P536|bq422|265|334|251|48|166|133
1059|P128|hw283|69|189|204|31|95|46
1060|P169|xf311|165|100|70|106|3|13
1061|P406|bo729|65|246|75|30|152|10
1062|P237|zj633|200|86|171|110|2|80
1063|P615|od462|221|191|245|21|21|89
1064|P807|rc828|3|204|155|0|173|68
1065|P058|yt815|234|97|172|27|18|49
1066|P142|pn304|160|105|179|14|37|96
1067|P271|ig613|210|62|116|171|27|1
1068|P450|sz930|258|203|237|133|70|17
1069|P240|il121|161|184|66|52|106|0
1070|P954|hw133|175|295|47|20|110|8
1071|P046|iy748|23|112|178|18|23|91
1072|P691|jp941|222|231|233|64|11|143
1073|P870|uy015|209|159|145|17|17|11
1074|P805|wk581|222|265|157|70|153|25
1075|P233|xw691|235|143|243|15|136|8
1076|P069|xz250|259|115|102|9|4|12
1077|P688|ma651|117|145|64|49|6|0
1078|P108|gp894|131|164|184|49|85|113
1079|P357|bt762|222|257|252|54|58|74
1080|P062|yt061|170|282|27|5|34|1
1081|P351|wr649|20|185|222|0|21|80
1082|P378|wk636|222|243|193|59|81|79
1083|P943|aq206|132|235|234|15|86|38
1084|P699|pl921|96|127|141|18|22|8
1085|P288|sd232|316|270|133|22|138|31
1086|P182|tp658|100|126|247|19|31|129
1087|P990|yh604|298|298|248|142|88|75
1088|P995|uq451|137|176|44|44|42|0
1089|P685|oa566|215|123|318|16|9|56
1090|P428|yu966|102|209|143|34|7|67
1091|P320|gk938|53|228|121|9|145|78
1092|P874|wr871|248|172|366|37|2|25
1093|P530|ko139|288|159|79|83|40|9
1094|P465|im096|332|242|264|58|76|34
1095|P530|wx865|162|33|244|104|11|173
1096|P756|hf691|226|210|326|25|15|119
1097|P236|rx907|74|159|143|1|31|47
1098|P691|en392|105|176|283|10|63|136
1099|P465|ug985|104|108|256|6|4|37
1100|P665|sz118|108|110|162|25|25|26
1101|P983|kb683|193|190|196|29|33|115
1102|P458|kw124|267|218|117|72|27|55
1103|P273|bm882|143|170|325|33|50|110
1104|P531|bq827|142|170|54|60|34|3
1105|P279|gr382|116|137|129|14|112|5
1106|P914|vo662|63|153|110|2|81|74
1107|P403|no734|186|275|230|20|16|6
1108|P520|dq975|81|278|182|53|60|20
1109|P912|pc277|191|120|174|66|2|38
1110|P463|dc523|282|127|203|44|1|42
1111|P117|xl304|234|351|257|38|17|87
1112|P004|an182|163|305|194|71|64|32
1113|P201|te994|217|302|158|57|47|0
1114|P132|ff188|95|202|123|33|58|22
1115|P665|ly577|63|163|132|26|67|13
1116|P852|dg126|129|247|236|5|72|157
1117|P127|rw780|215|102|50|48|57|19
1118|P096|lo785|167|240|237|3|144|9
1119|P136|si749|221|174|207|66|34|103
1120|P487|ye408|301|246|159|102|173|30
1121|P907|ru326|214|177|231|166|7|30
1122|P710|no821|405|369|188|2|86|18
1123|P007|sx992|79|234|128|26|45|47
1124|P920|nc838|156|239|267|34|5|63
1125|P423|ou301|281|240|223|8|48|24
1126|P118|zq138|154|143|153|6|3|27
1127|P631|xq693|110|199|140|43|62|28
1128|P479|zv832|78|217|253|24|20|123
1129|P001|qf074|65|179|251|3|25|94
1130|P868|pd685|199|94|268|60|8|48
1131|P895|pl246|169|182|127|81|33|23
1132|P044|vy906|237|138|124|33|26|18
1133|P628|fp804|151|208|178|12|77|48
1134|P435|jc179|79|53|119|26|43|38
1135|P127|uq124|232|133|223|42|92|172
1136|P931|nn195|143|222|79|69|6|29
1137|P638|rq047|210|176|183|63|60|63
1138|P274|dg875|193|295|156|147|115|21
1139|P500|vy293|116|176|129|30|23|3
1140|P427|nr626|191|89|123|25|7|75
1141|P900|vi774|219|285|265|109|164|18
1142|P283|ip740|190|143|218|41|17|125
1143|P869|xk496|204|160|67|74|41|6
1144|P409|hq373|176|131|33|153|122|12
1145|P426|fe748|126|159|309|10|77|53
1146|P185|zq627|226|271|250|43|172|111
1147|P510|jy489|192|75|181|43|6|100
1148|P705|ee973|330|327|284|4|0|71
1149|P489|mm570|144|184|96|64|132|15
1150|P105|ek382|125|144|152|45|40|38
1151|P216|ya692|234|147|54|55|51|12
1152|P831|vy612|244|108|57|25|46|2
1153|P414|io838|224|114|188|59|35|3
1154|P332|ak943|49|91|35|7|12|0
1155|P842|af844|201|47|270|21|15|152
1156|P909|gt507|250|244|221|114|153|107
1157|P163|qp170|81|83|265|6|8|23
1158|P638|ay689|239|240|201|76|102|71
1159|P869|yz612|276|289|332|136|1|75
1160|P990|qn273|95|192|150|15|29|114
1161|P426|dp932|157|113|264|1|24|17
1162|P430|vk705|20|147|120|5|29|82
1163|P288|fy339|200|116|277|8|26|19
1164|P859|ug610|134|254|117|15|4|0
1165|P304|un443|157|238|239|23|123|7
1166|P543|qo013|195|287|42|17|37|11
1167|P242|nf511|269|35|186|68|14|29
1168|P127|wh682|162|212|212|4|66|105
1169|P556|ni201|253|231|267|95|4|61
1170|P869|ac592|98|227|211|4|100|38
1171|P548|qn010|65|231|115|33|145|33
1172|P448|rb617|275|213|251|107|94|45
1173|P852|fm074|88|167|140|33|6|44
1174|P435|ug186|199|115|212|107|62|59
1175|P802|hl241|100|206|191|11|94|86
1176|P531|tv567|183|143|143|84|42|8
1177|P252|nz615|209|237|227|102|42|14
1178|P432|na170|257|101|216|74|57|102
1179|P710|yk602|128|116|245|34|14|1
1180|P269|te357|229|161|222|142|91|8
1181|P931|py990|90|134|249|11|21|104
1182|P268|wq981|171|215|275|46|67|147
1183|P424|qp899|338|219|382|84|8|75
1184|P711|dt223|284|106|289|159|12|99
1185|P187|sx767|40|232|40|4|2|17
1186|P820|ca415|244|154|171|9|96|74
1187|P639|cy871|137|179|118|43|109|49
1188|P681|sz942|376|297|364|110|32|99
1189|P352|hu498|99|321|203|64|17|10
1190|P864|wk022|185|123|251|45|0|65
1191|P864|ot443|284|193|230|138|38|127
1192|P020|uf825|210|266|127|72|138|16
1193|P469|up266|129|235|110|36|183|46
1194|P552|bg216|201|102|245|61|25|19
1195|P865|ow481|213|209|156|33|52|51
1196|P469|vr147|171|220|327|135|60|69
1197|P382|qe865|223|114|130|66|64|14
1198|P590|va633|64|233|237|16|59|69
1199|P321|wd790|179|203|55|50|71|7
1200|P403|gp330|300|140|235|131|11|89
1201|P468|kj398|104|164|95|22|5|29
1202|P693|vo273|82|202|150|19|27|87
1203|P349|gy213|123|96|117|92|0|7
1204|P801|qh945|255|226|86|160|104|1
1205|P442|sk731|307|292|169|9|147|36
1206|P435|ww343|167|141|120|42|45|63
1207|P439|on315|206|81|323|77|32|164
1208|P469|wk338|297|206|311|97|8|141
1209|P531|xy668|240|140|228|78|33|140
1210|P771|wl451|127|178|136|55|78|45
1211|P264|xa083|73|232|130|5|72|15
1212|P609|xb516|259|222|212|3|82|87
1213|P398|gv646|279|209|161|41|46|47
1214|P264|vj026|234|301|230|34|75|95
1215|P118|zj779|262|74|119|99|3|19
1216|P807|kr999|395|264|173|49|14|5
1217|P380|fm888|113|97|279|3|3|53
1218|P256|qf803|148|125|192|21|2|21
1219|P112|kr995|184|76|135|29|31|53
1220|P082|ns927|108|223|218|66|86|41
1221|P065|ww831|136|201|134|19|23|34
1222|P816|wx814|239|198|200|97|29|38
1223|P156|rl758|104|257|194|30|127|62
1224|P853|ae253|81|140|173|5|21|36
1225|P631|ab575|68|167|232|53|16|159
1226|P520|oi060|207|195|128|140|51|43
1227|P931|ak745|303|132|275|18|5|99
1228|P631|lc165|235|298|163|136|116|14
1229|P100|yr341|222|96|201|105|6|15
1230|P487|fg117|27|178|95|0|66|6
1231|P239|eo832|128|150|243|20|21|81
1232|P843|lp146|247|189|74|37|57|17
1233|P526|ys745|211|123|296|33|1|70
1234|P545|wc546|195|200|184|62|102|72
1235|P509|mr877|220|109|150|17|26|56
1236|P248|lh332|146|225|157|27|34|0
1237|P886|sd084|177|211|289|6|30|13
1238|P340|fx860|225|286|144|45|150|10
1239|P911|gz222|42|35|6|5|2|2
1240|P529|dj258|349|309|292|68|54|30
1241|P914|pv089|129|87|284|15|2|103
1242|P292|gi094|375|296|221|62|67|52
1243|P717|ab176|208|260|340|0|108|62
1244|P312|dm600|175|188|317|9|7|73
1245|P149|wd268|281|142|335|50|6|18
1246|P647|no580|132|232|238|24|6|44
1247|P338|ey251|233|187|240|68|21|34
1248|P561|cw931|77|98|279|28|2|140
1249|P870|pl595|69|205|268|41|72|83
1250|P853|oq161|106|187|124|27|21|1
1251|P252|ny884|349|325|163|89|70|21
1252|P024|oy140|218|267|156|68|45|66
1253|P999|oy141|354|312|330|46|43|61
1254|P322|zi218|209|217|210|48|29|94
1255|P340|it986|247|96|339|3|12|62
1256|P465|zi523|256|89|51|100|4|15
1257|P673|zl007|167|335|161|55|11|28
1258|P624|ht387|374|461|357|11|101|106
1259|P594|gf472|104|211|288|44|4|10
1260|P860|jv904|175|117|114|131|43|4
1261|P000|hh557|309|256|207|158|8|12
1262|P911|ky472|32|105|258|14|16|25
1263|P417|ok761|329|320|170|117|153|16
1264|P999|dq899|305|266|227|24|9|6
1265|P856|ju481|268|214|94|26|74|9
1266|P795|pe984|409|190|397|46|76|67
1267|P986|ve710|119|237|228|24|72|125
1268|P468|nn189|160|217|133|29|37|75
1269|P002|vq137|56|279|226|13|156|153
1270|P550|jm650|315|141|275|63|20|79
1271|P977|fz931|197|167|201|31|10|78
1272|P749|ng104|143|131|105|73|42|44
1273|P865|qz042|304|189|104|74|40|37
1274|P450|cu575|151|193|198|83|23|65
1275|P566|dz221|75|6|78|26|0|29
1276|P591|yd655|47|285|302|42|157|72
1277|P163|oj742|196|162|150|100|10|42
1278|P812|wm303|95|205|67|11|53|27
1279|P632|vb943|128|121|217|35|45|24
1280|P692|ji047|177|3|160|78|2|11
1281|P008|uw250|317|232|290|100|21|25
1282|P714|ad975|163|39|216|21|11|135
1283|P998|uh534|167|124|154|9|52|60
1284|P720|ts921|160|109|93|7|45|7
1285|P341|lk492|168|177|361|26|12|44
1286|P149|jl276|133|259|169|0|7|37
1287|P557|nm661|95|235|65|3|17|7
1288|P594|rf256|117|228|234|23|134|69
1289|P473|zn888|169|216|119|52|0|33
1290|P587|fl440|122|177|178|33|111|122
1291|P426|fx314|148|178|221|39|28|30
1292|P003|rb767|134|40|231|73|3|21
1293|P717|sy810|201|19|37|138|13|21
1294|P191|ia559|162|178|106|26|10|5
1295|P714|vb830|150|291|297|3|36|130
1296|P405|aj992|351|101|303|118|53|82
1297|P987|re696|99|133|57|0|17|7
1298|P136|nh900|223|144|95|137|83|4
1299|P136|sv776|338|321|317|66|146|112
1300|P609|me708|220|212|295|40|56|170
1301|P425|db145|238|257|131|81|4|50
1302|P156|gu916|108|202|205|9|55|163
1303|P870|ch071|242|237|185|40|0|27
1304|P127|ft798|170|186|98|63|12|14
1305|P911|pz548|238|88|201|83|25|14
1306|P552|bx410|161|119|187|20|76|20
1307|P529|bk939|349|338|158|61|17|2
1308|P780|xw219|317|238|331|56|19|55
1309|P557|th141|399|163|74|124|17|10
1310|P597|wl651|156|169|317|27|7|1
1311|P191|ib929|196|288|293|30|128|68
1312|P628|bl584|77|116|230|49|12|106
1313|P287|cf848|131|124|217|32|23|151
1314|P520|ut681|65|221|99|2|146|54
1315|P884|as012|144|173|127|28|20|28
1316|P043|fs895|99|164|316|12|38|15
1317|P792|oc547|297|115|190|124|10|56
1318|P856|ok237|221|276|267|80|69|124
1319|P312|dy531|169|8|141|17|5|3
1320|P008|tr677|292|283|268|147|79|18
1321|P468|dh495|268|472|267|91|93|21
1322|P267|qx983|372|258|216|46|26|42
1323|P924|it696|59|104|209|7|0|2
1324|P977|tx527|40|151|191|19|63|119
1325|P240|gk004|58|44|110|5|12|99
1326|P908|tj389|211|144|247|114|51|197
1327|P022|xz871|46|129|106|6|5|42
1328|P661|xj195|155|251|116|89|159|5
1329|P931|lr785|102|276|160|19|128|18
1330|P001|yr667|125|329|178|28|69|30
1331|P597|cc898|64|180|166|6|133|131
1332|P125|qn488|35|98|203|3|3|117
1333|P789|dg739|138|225|216|12|108|1
1334|P698|pc855|315|229|42|142|118|16
1335|P272|pc854|277|122|304|144|22|127
1336|P173|cx865|218|218|245|85|180|2
1337|P999|cw802|295|405|310|122|47|76
1338|P768|jn325|56|147|193|9|44|14
1339|P220|xz272|115|56|61|49|35|22
1340|P345|ap116|104|184|112|3|92|49
1341|P466|ju808|161|286|165|11|10|28
1342|P946|jd011|26|202|63|0|136|1
1343|P316|nl008|194|247|155|15|103|5
1344|P173|cl778|361|186|117|143|51|6
1345|P398|xg982|112|217|269|55|80|26
1346|P264|ry328|238|298|163|47|99|25
1347|P288|yb143|134|185|198|21|40|146
1348|P007|wq884|245|104|119|134|11|24
1349|P663|lv049|173|155|141|77|43|70
1350|P691|im878|221|8|190|33|1|131
1351|P659|kk658|101|278|184|70|51|144
1352|P840|ll751|243|196|248|155|23|113
1353|P306|vg243|102|200|256|3|101|21
1354|P525|if867|259|199|227|69|0|36
1355|P224|rq615|264|197|236|62|70|56
1356|P129|pi752|305|186|377|18|53|9
1357|P173|se243|204|203|94|43|86|20
1358|P536|hw647|165|177|250|39|58|4
1359|P858|ri265|189|64|174|22|11|1
1360|P378|st192|206|195|207|53|82|140
1361|P452|nl318|214|181|233|81|58|116
1362|P428|by934|105|101|137|65|39|55
1363|P742|ws859|245|118|154|10|29|7
1364|P371|gp459|253|235|196|54|6|5
1365|P632|zp287|195|192|248|36|56|10
1366|P442|iz055|157|66|289|50|45|33
1367|P614|aa521|199|333|241|113|147|11
1368|P302|cv346|234|213|228|114|0|21
1369|P378|gq698|248|335|150|58|132|54
1370|P859|vh977|0|25|183|0|9|133
1371|P848|yn241|242|237|144|100|172|8
1372|P732|zd110|169|157|63|105|80|10
1373|P536|ec298|227|234|147|32|62|39
1374|P828|xx433|157|115|187|16|16|110
1375|P435|mt048|162|97|202|66|12|66
1376|P946|dt522|341|212|98|37|19|2
1377|P285|gy693|165|208|72|26|12|6
1378|P196|pm508|203|164|100|24|28|26
1379|P441|ev736|85|233|272|25|26|141
1380|P212|vz177|285|121|206|38|95|71
1381|P550|oi586|115|271|203|7|41|28
1382|P795|bw218|244|158|115|42|49|47
1383|P125|jv117|273|168|192|10|14|11
1384|P954|vq632|138|182|98|69|91|2
1385|P501|ol368|296|152|61|112|76|3
1386|P191|tg848|99|193|214|15|54|92
1387|P987|cl952|244|285|127|172|51|48
1388|P000|pl905|88|160|170|9|88|50
1389|P832|iw983|278|180|213|147|119|79
1390|P832|ou656|177|147|175|142|61|135
1391|P379|ir201|268|176|227|62|87|168
1392|P139|tw161|204|163|223|34|38|67
1393|P931|bb988|184|263|371|47|27|35
1394|P714|rh331|320|165|135|90|19|13
1395|P434|kl575|238|139|88|164|18|39
1396|P128|zd028|135|366|209|3|129|98
1397|P030|me368|183|189|63|110|70|31
1398|P132|xw843|125|337|182|35|199|28
1399|P789|vi556|73|143|139|7|8|32
1400|P155|vd704|391|239|130|43|21|41
1401|P324|vz009|119|50|152|7|9|120
1402|P550|yh396|97|206|301|9|11|48
1403|P912|cq081|87|50|139|2|0|4
1404|P857|zo692|157|165|142|85|13|72
1405|P102|uz320|78|51|222|11|11|154
1406|P720|uf107|104|60|230|82|36|26
1407|P224|np591|183|159|169|73|66|56
1408|P860|nb270|265|128|278|125|11|36
1409|P145|mp638|89|171|179|53|118|30
1410|P008|oe971|151|224|261|24|118|1
1411|P450|zq395|255|113|75|64|2|4
1412|P105|nd133|301|111|307|8|21|14
1413|P043|qz459|162|106|203|105|13|30
1414|P426|yf736|250|160|151|7|5|20
1415|P146|zx872|75|101|194|23|63|16
1416|P216|ro692|202|62|269|99|7|148
1417|P144|ni354|47|117|228|0|15|113
1418|P111|qj153|174|158|201|23|57|1
1419|P929|ol986|123|57|225|0|9|35
1420|P196|sl996|64|155|191|1|45|37
1421|P743|kt756|162|231|179|15|9|69
1422|P427|qq662|204|265|101|59|102|4
1423|P142|zn873|101|248|218|4|129|88
1424|P304|kv997|237|195|147|115|2|65
1425|P316|fo693|233|220|237|63|124|34
1426|P152|cu178|195|135|69|92|49|4
1427|P489|gh972|370|251|341|14|20|75
1428|P189|kf806|160|178|253|20|33|2
1429|P020|ca652|65|163|219|5|122|5
1430|P170|gs244|185|266|179|150|23|3
1431|P371|po807|179|119|140|99|86|11
1432|P595|yt121|19|86|18|6|3|11
1433|P521|kg565|110|38|168|32|3|9
1434|P807|ay951|90|272|191|33|119|46
1435|P496|wy974|318|216|279|18|56|45
1436|P239|xk075|145|284|125|56|154|29
1437|P893|oy942|131|222|64|15|44|22
1438|P398|re687|106|210|256|25|81|39
1439|P872|ch880|120|4|107|25|1|32
1440|P312|ji962|303|311|268|126|42|109
1441|P870|ov791|123|187|272|11|55|93
1442|P632|xp782|236|178|99|4|37|45
1443|P327|ho592|209|233|315|12|56|166
1444|P430|qk517|56|167|273|20|9|55
1445|P842|tb092|245|205|329|153|39|156
1446|P959|nm940|212|206|191|23|69|26
1447|P111|ch531|252|238|232|29|90|123
1448|P452|nl328|157|126|152|26|57|3
1449|P715|vh776|272|150|108|155|40|30
1450|P924|jl515|70|187|185|1|147|17
1451|P094|gf202|147|164|28|38|136|21
1452|P893|py575|138|191|165|20|2|19
1453|P870|ix538|244|118|195|121|53|122
1454|P403|pn518|213|246|83|43|87|21
1455|P348|dh649|149|257|171|16|69|2
1456|P180|mf216|210|206|241|6|4|45
1457|P068|ju128|209|74|34|44|14|0
1458|P604|fs065|325|206|230|38|58|103
1459|P778|iu023|173|206|263|36|36|102
1460|P188|hl280|248|184|79|88|96|11
1461|P345|jn913|170|288|187|61|56|18
1462|P628|ml544|107|168|170|6|19|46
1463|P860|po608|237|169|135|28|94|27
1464|P094|ub770|115|61|42|17|5|28
1465|P638|zt284|221|203|192|0|61|4
1466|P675|po591|248|136|169|31|15|37
1467|P557|tb696|202|307|136|21|3|38
1468|P112|wc815|282|150|88|76|73|32
1469|P869|sg512|111|199|185|12|21|63
1470|P469|pa627|261|293|238|2|118|30
1471|P509|rx194|182|164|312|41|47|120
1472|P702|vs127|171|222|217|95|136|48
1473|P896|iy333|169|124|86|69|28|16
1474|P665|de383|40|97|71|5|11|21
1475|P272|wv783|196|106|96|158|45|84
1476|P498|px028|120|206|290|19|78|111
1477|P914|lz946|330|159|248|168|15|63
1478|P695|fg923|307|364|242|74|126|145
1479|P122|ic860|231|171|189|24|26|67
1480|P828|ap430|371|222|158|65|47|25
1481|P680|ja540|366|266|193|64|71|51
1482|P238|rw435|287|304|271|142|166|82
1483|P271|xf217|178|263|78|1|9|18
1484|P789|cy305|182|179|111|127|29|51
1485|P089|rc947|299|103|108|28|10|2
1486|P911|lq096|179|61|269|43|27|39
1487|P395|ha014|262|368|309|69|12|63
1488|P631|bg702|108|185|167|12|42|72
1489|P384|lm612|273|261|134|66|144|22
1490|P088|pa758|249|174|243|19|17|41
1491|P448|sg358|326|237|224|32|32|71
1492|P267|aj564|127|41|229|28|22|163
1493|P063|tw559|216|227|101|69|118|9
1494|P430|cb798|189|187|182|57|48|96
1495|P296|tw883|78|72|181|30|24|62
1496|P825|ta019|231|146|235|2|8|80
1497|P530|lp837|72|126|198|12|47|1
1498|P867|dm698|135|173|112|68|47|11
1499|P082|il464|93|192|283|1|0|0
1500|P868|ae098|273|197|299|146|2|145
1501|P954|cl894|221|141|114|70|6|31
1502|P298|dt379|216|208|188|46|41|16
1503|P526|cc685|129|172|70|47|106|5
1504|P509|eb817|185|90|116|62|35|5
1505|P371|wb491|74|323|168|44|80|60
1506|P102|yn234|137|212|251|39|105|137
1507|P345|mg938|341|306|406|34|83|137
1508|P338|pv868|198|166|78|78|17|11
1509|P631|yt480|197|191|72|133|51|21
1510|P185|lh262|127|213|203|49|103|134
1511|P338|cs810|244|297|133|57|34|9
1512|P465|oy234|177|111|45|9|10|2
1513|P743|ti669|240|234|226|71|129|134
1514|P796|be439|161|121|64|38|59|13
1515|P506|lp121|232|127|218|78|3|18
1516|P349|th197|83|60|166|28|48|36
1517|P316|oe101|171|214|171|32|83|58
1518|P383|lg594|228|94|265|132|9|4
1519|P548|ne505|196|71|195|40|0|71
1520|P316|et715|312|27|200|156|13|120
1521|P299|nu712|212|304|192|25|149|35
1522|P409|ho380|70|43|67|33|24|36
1523|P411|bj346|145|188|116|94|5|36
1524|P022|we334|118|180|274|54|101|14
1525|P717|bk592|194|116|95|72|4|0
1526|P332|ou136|265|221|219|43|74|31
1527|P136|mq478|322|156|120|46|8|5
1528|P561|oe361|83|276|283|0|91|19
1529|P542|gz376|278|280|54|60|87|4
1530|P374|ks662|354|124|127|149|61|2
1531|P879|hc714|66|224|224|20|149|76
1532|P468|nc441|284|170|242|110|21|120
1533|P887|rq866|221|141|173|160|53|135
1534|P280|cq094|78|307|229|18|111|110
1535|P069|bx858|176|310|128|16|48|2
1536|P590|mm617|132|208|59|21|99|6
1537|P874|mx431|119|119|161|23|0|62
1538|P384|rl263|126|88|171|39|3|51
1539|P708|xv305|87|129|172|13|8|28
1540|P159|rl266|158|203|191|27|89|2
1541|P754|ej649|128|353|280|17|30|58
1542|P597|rm742|194|56|100|20|3|33
1543|P954|be352|65|277|58|2|136|13
1544|P157|fj074|284|167|203|49|0|72
1545|P597|sj443|133|303|281|45|159|9
1546|P328|vq157|233|137|304|29|2|103
1547|P688|vq154|121|98|245|17|22|72
1548|P858|uv258|200|203|356|103|80|83
1549|P961|qa351|338|182|131|57|5|31
1550|P152|gt350|254|156|131|154|119|42
1551|P654|vu255|225|262|122|84|1|59
1552|P348|fe058|314|197|263|25|24|77
1553|P135|cv195|187|124|193|31|3|127
1554|P665|gt755|50|151|104|30|32|42
1555|P815|uw122|307|233|285|48|1|73
1556|P167|su691|105|168|133|29|68|42
1557|P912|pv287|158|192|48|65|86|3
1558|P730|qf135|251|135|198|94|51|109
1559|P139|ye070|55|269|146|4|104|66
1560|P887|xc618|67|144|168|18|41|16
1561|P073|iu815|181|138|161|43|91|65
1562|P077|wz518|84|77|103|56|13|94
1563|P245|ob089|275|277|160|34|133|47
1564|P125|ds803|231|34|81|146|1|10
1565|P020|zx601|230|265|122|95|36|19
1566|P426|da830|204|106|130|187|9|54
1567|P665|jy437|304|426|278|36|16|10
1568|P673|xc953|72|177|118|10|19|21
1569|P638|fs653|238|167|104|95|39|56
1570|P549|tv330|92|51|220|21|2|52
1571|P715|tc933|115|76|111|45|39|35
1572|P501|wp572|102|211|260|16|93|127
1573|P742|by092|246|138|307|122|39|37
1574|P763|yt825|214|292|199|127|147|43
1575|P469|cv687|188|209|199|35|81|22
1576|P217|ok417|88|210|218|34|1|115
1577|P687|jq596|123|147|255|56|5|77
1578|P920|mo616|217|153|189|51|46|5
1579|P670|bt908|199|77|267|21|4|10
1580|P920|wt328|113|273|192|3|71|94
1581|P268|gc993|232|265|403|85|15|5
1582|P912|kz687|150|121|159|56|5|31
1583|P711|hr893|133|325|359|43|87|90
1584|P955|hi074|215|282|406|43|187|140
1585|P506|kw492|344|306|361|49|43|24
1586|P805|ih681|288|100|342|120|10|54
1587|P370|vp020|161|316|285|10|53|0
1588|P096|wj081|230|214|135|89|97|113
1589|P349|pq718|282|227|111|108|41|30
1590|P156|ei933|195|105|389|11|37|21
1591|P533|pb239|169|105|302|24|60|40
1592|P993|uj417|83|187|207|49|13|65
1593|P002|dv987|151|70|177|44|13|85
1594|P432|kg193|291|360|261|3|137|27
1595|P287|ha371|214|32|163|123|6|58
1596|P924|jt520|44|221|209|5|128|8
1597|P651|fv898|113|314|301|13|38|137
1598|P383|co427|248|313|266|15|80|104
1599|P073|mv018|165|187|199|8|6|128
1600|P661|ag556|264|148|134|197|35|47
1601|P730|fp058|171|247|124|26|90|58
1602|P680|td850|199|230|140|31|49|20
1603|P500|qc241|133|274|115|37|145|13
1604|P012|me829|194|170|168|98|49|22
1605|P607|kf778|223|112|112|29|10|58
1606|P234|pf087|249|380|241|91|196|112
1607|P868|ev955|104|231|131|13|54|18
1608|P024|ez908|176|222|216|104|43|133
1609|P681|ol613|197|196|134|3|54|22
1610|P624|fl487|108|29|159|4|7|40
1611|P434|cx797|128|160|260|2|0|47
1612|P198|sw086|67|175|279|29|7|60
1613|P041|ex266|79|68|167|30|14|13
1614|P986|yk297|278|323|374|20|134|131
1615|P853|tm139|257|86|169|117|2|58
1616|P767|xz216|330|225|258|60|95|114
1617|P695|aw735|397|265|205|58|96|165
1618|P662|cy682|196|138|91|94|5|28
1619|P336|xv785|267|107|135|40|17|19
1620|P089|sj947|104|223|167|34|28|38
1621|P357|jv360|201|128|141|112|19|56
1622|P731|xw013|268|140|262|16|48|10
1623|P105|wn254|167|217|276|58|15|43
1624|P179|gy614|342|145|229|43|69|102
1625|P298|bg261|140|199|167|5|23|129
1626|P338|so642|187|219|208|35|69|49
1627|P732|sa823|231|274|98|13|17|22
1628|P409|mp865|212|193|81|165|3|18
1629|P992|tn020|303|223|251|21|58|78
1630|P604|wy175|267|265|255|87|98|4
1631|P599|sc278|300|150|124|49|17|35
1632|P893|kn158|209|209|88|163|82|41
1633|P893|xy635|340|269|158|42|92|0
1634|P313|vg916|287|222|294|117|39|154
1635|P874|xa615|238|210|336|109|10|165
1636|P990|si967|92|63|179|10|35|44
1637|P887|fu806|137|212|264|25|26|33
1638|P489|sc552|94|132|102|33|24|32
1639|P458|sg386|201|213|241|39|27|6
1640|P886|fv330|133|38|66|3|8|12
1641|P864|hy936|275|106|71|88|0|33
1642|P675|vk838|264|38|219|139|4|38
1643|P089|zp918|97|147|141|14|98|31
1644|P749|ei108|258|39|186|12|1|9
1645|P155|do569|196|83|197|7|20|91
1646|P448|oe777|200|273|298|69|46|34
1647|P887|gy983|194|151|139|60|0|89
1648|P269|iz254|287|83|196|121|33|119
1649|P002|hu936|201|285|133|27|168|83
1650|P422|ar602|175|85|140|71|2|29
1651|P886|dn162|211|199|342|49|52|50
1652|P132|pv871|198|246|116|70|127|49
1653|P425|sz391|217|285|204|125|1|107
1654|P338|ow504|343|264|195|129|135|7
1655|P326|pm070|185|210|124|72|60|15
1656|P411|wo208|29|45|160|5|8|47
1657|P184|nh268|349|167|137|54|27|3
1658|P405|ud017|182|213|130|127|138|36
1659|P542|bs558|255|50|177|122|26|150
1660|P155|xu893|315|291|264|111|130|73
1661|P526|xh154|262|194|335|44|18|5
1662|P985|se078|193|261|164|1|101|95
1663|P834|of473|206|137|337|34|0|104
1664|P424|za039|116|203|329|17|59|166
1665|P590|ii661|262|256|78|122|159|4
1666|P825|sa558|219|134|144|103|7|10
1667|P448|df578|70|179|172|23|23|31
1668|P614|vq760|248|179|114|2|103|80
1669|P434|cj002|95|277|174|11|96|52
1670|P631|dm499|264|244|144|140|63|19
1671|P407|vq551|195|142|130|50|34|13
1672|P430|ma328|221|25|207|127|18|139
1673|P085|wc356|268|305|208|1|4|107
1674|P856|rx765|286|241|241|106|66|125
1675|P134|cp662|166|297|308|51|10|175
1676|P412|ue124|91|81|124|8|22|12
1677|P272|nb306|212|33|102|64|10|68
1678|P066|rk333|238|223|150|100|75|78
1679|P693|gz120|226|175|250|93|37|116
1680|P484|gj318|118|210|264|8|99|60
1681|P252|gr734|128|202|157|19|111|36
1682|P233|yw382|86|244|189|5|4|53
1683|P717|el075|241|304|224|54|68|55
1684|P870|jj867|136|113|197|34|3|63
1685|P247|pk009|186|107|142|19|54|109
1686|P987|sj439|170|123|239|7|8|110
1687|P064|ti835|251|215|111|3|66|4
1688|P200|pm700|160|80|203|5|32|33
1689|P609|rv586|124|225|204|20|88|89
1690|P665|wo476|304|178|451|45|60|120
1691|P609|or691|153|53|101|3|0|9
1692|P628|cd621|120|52|21|7|34|5
1693|P442|jc624|80|280|198|1|121|35
1694|P345|ks811|274|116|261|157|16|127
1695|P293|xm875|132|207|228|12|9|83
1696|P930|fo549|89|116|201|18|46|105
1697|P739|zr408|313|174|263|141|6|67
1698|P568|hp116|231|212|78|118|6|17
1699|P640|wi857|179|248|164|31|119|47
1700|P068|zo783|65|79|56|5|17|15
1701|P610|gf086|214|293|139|88|87|40
1702|P398|no441|264|114|167|120|8|103
1703|P378|xc600|127|183|68|23|105|16
1704|P252|hg425|121|187|130|29|31|1
1705|P954|cr523|165|53|185|127|15|53
1706|P859|xl476|199|311|298|5|178|17
1707|P300|jp501|336|319|174|56|78|35
1708|P695|yh208|174|0|194|129|0|139
1709|P351|gu471|152|131|115|20|18|19
1710|P163|gd991|142|167|167|34|88|13
1711|P624|uw576|165|141|144|9|1|12
1712|P484|jl885|259|178|176|125|103|89
1713|P198|ez222|217|35|223|7|11|69
1714|P701|zb886|163|85|127|9|27|4
1715|P500|ym036|81|221|119|1|72|76
1716|P122|fn788|164|112|146|6|13|30
1717|P233|ja000|25|109|41|0|18|25
1718|P175|ck428|225|165|224|70|3|47
1719|P542|bq985|255|188|170|166|7|96
1720|P501|mv484|259|70|244|76|11|41
1721|P560|sx826|309|310|261|130|35|96
1722|P859|sx821|70|249|255|11|105|134
1723|P835|xu310|135|139|65|28|0|16
1724|P595|xo065|57|71|337|10|26|156
1725|P425|qe003|167|284|146|93|0|24
1726|P590|ch644|218|328|244|76|69|31
1727|P336|rg248|100|73|117|17|40|37
1728|P185|mu682|254|255|207|53|132|96
1729|P544|wa593|140|186|211|29|5|14
1730|P518|cr012|112|266|171|79|56|1
1731|P201|ct963|140|253|160|33|147|30
1732|P792|ft182|197|213|188|27|48|21
1733|P415|rt187|178|237|195|70|31|16
1734|P321|nx905|86|139|273|5|25|175
1735|P657|bz570|192|284|169|59|97|6
1736|P187|pu650|225|106|146|7|66|64
1737|P790|vj500|146|83|89|93|55|53
1738|P778|fj937|159|386|348|12|165|133
1739|P973|sn121|158|177|233|48|70|58
1740|P778|fm038|162|135|50|22|85|8
1741|P041|zd493|193|163|277|71|52|15
1742|P157|wx218|121|226|225|9|152|108
1743|P252|wf642|136|124|145|50|15|14
1744|P089|nz895|177|99|141|24|45|55
1745|P701|gs261|251|168|297|25|59|4
1746|P449|sv927|310|324|133|29|123|3
1747|P883|aj813|200|123|186|134|33|1
1748|P318|bq453|137|241|212|91|100|105
1749|P793|fs519|347|171|388|97|50|42
1750|P638|it533|236|77|233|24|9|60
1751|P239|oh510|182|175|275|46|5|174
1752|P838|ny527|48|57|88|45|21|6
1753|P601|gl614|338|280|238|93|90|41
1754|P405|ih125|378|304|227|105|69|63
1755|P434|tp997|131|125|198|42|48|70
1756|P426|he469|229|253|288|100|90|128
1757|P008|an647|335|277|190|52|126|13
1758|P536|ub554|237|133|240|141|40|41
1759|P951|wj228|268|102|272|59|22|35
1760|P185|gr532|228|203|128|82|78|55
1761|P772|de814|159|212|251|67|0|13
1762|P692|wx541|230|114|200|173|22|79
1763|P640|jo283|172|226|262|28|65|42
1764|P908|zj953|92|137|350|5|42|1
1765|P406|er735|386|216|290|52|73|36
1766|P580|mw268|120|340|167|12|20|85
1767|P409|ig564|109|141|141|2|1|26
1768|P621|er733|114|139|134|27|85|35
1769|P967|uj891|265|93|361|27|0|55
1770|P699|az974|172|152|211|76|21|87
1771|P105|sy526|115|65|85|6|17|16
1772|P489|cw008|226|271|170|73|51|1
1773|P597|uj898|306|236|133|11|19|0
1774|P812|mu971|205|276|232|149|40|44
1775|P510|xf726|226|256|28|82|37|1
1776|P250|ip310|75|223|92|25|110|44
1777|P900|lu985|213|219|60|8|12|1
1778|P701|vx707|90|166|56|49|50|23
1779|P615|wn484|281|181|79|144|90|4
1780|P071|zr970|1|118|144|0|27|82
1781|P621|ks311|204|113|161|24|10|24
1782|P780|jt721|177|298|180|42|75|2
1783|P417|ic310|215|314|226|10|6|78
1784|P398|es732|364|403|226|120|25|4
1785|P652|dy491|101|184|137|21|119|17
1786|P802|tj027|276|169|331|97|0|19
1787|P063|ly980|132|156|111|73|81|1
1788|P492|od707|338|196|324|76|94|107
1789|P151|nh302|115|101|212|53|2|138
1790|P414|va744|117|318|298|30|138|137
1791|P909|ps360|326|164|341|32|62|39
1792|P145|dp074|103|438|317|0|77|86
1793|P326|yq706|269|85|194|50|24|4
1794|P195|bx135|226|222|128|42|159|48
1795|P088|zm335|214|204|103|38|69|1
1796|P182|cs308|246|167|84|171|53|6
1797|P281|ps764|128|36|196|18|9|52
1798|P595|dt005|105|75|60|51|1|19
1799|P977|lz185|88|129|49|15|16|3
1800|P096|oz752|106|123|35|5|8|0
1801|P412|bi768|123|118|74|9|18|6
1802|P999|tn964|62|21|223|4|5|46
1803|P789|aa750|151|122|99|38|56|68
1804|P441|sd448|145|143|266|33|6|118
1805|P247|zl860|203|185|102|105|51|16
1806|P714|nh270|188|172|246|71|4|112
1807|P835|yf580|210|170|124|26|163|38
1808|P012|yb821|175|154|210|0|6|31
1809|P868|cp277|142|197|266|4|84|170
1810|P442|gm208|290|127|146|6|2|26
1811|P967|oo605|245|199|120|78|10|52
1812|P280|vk911|81|191|257|13|75|128
1813|P293|hz125|287|304|189|49|138|30
1814|P378|ya805|157|99|226|25|13|45
1815|P156|wy547|57|78|115|2|12|89
1816|P994|kx099|182|127|119|37|25|4
1817|P142|dk500|240|269|156|129|5|8
1818|P000|qy464|324|212|265|126|25|60
1819|P009|lo606|248|306|266|115|126|19
1820|P339|yd274|365|273|170|179|77|23
1821|P705|xv318|245|144|17|100|46|1
1822|P288|op436|136|166|181|25|116|143
1823|P860|sm927|264|196|312|8|24|75
1824|P521|an550|193|209|209|97|34|185
1825|P908|qh038|329|271|204|75|85|87
1826|P595|jf201|117|106|173|38|24|25
1827|P316|si738|84|121|212|12|23|92
1828|P675|et173|129|148|227|52|87|43
1829|P236|gl751|174|121|128|50|21|106
1830|P082|km921|300|145|255|121|0|20
1831|P549|lt760|246|144|242|120|9|3
1832|P887|ez179|169|186|393|23|14|56
1833|P756|ue660|267|172|271|46|62|6
1834|P526|uh480|137|276|143|56|153|32
1835|P638|dq856|282|322|184|53|16|59
1836|P732|db118|245|362|176|24|96|9
1837|P133|hr162|147|108|197|25|22|30
1838|P133|xx481|229|218|242|17|30|3
1839|P289|df591|183|148|280|22|28|178
1840|P157|rk945|336|264|266|144|97|138
1841|P531|ne038|145|218|55|36|92|4
1842|P092|ll832|59|60|123|0|1|58
1843|P134|ki374|155|85|216|2|10|137
1844|P864|zs763|254|135|298|90|22|172
1845|P734|kc854|38|125|117|23|41|24
1846|P985|ht985|292|219|299|34|101|63
1847|P493|hn909|178|67|225|37|46|98
1848|P549|cz460|99|76|213|21|2|77
1849|P778|kz535|198|109|299|38|7|37
1850|P954|yd056|167|120|243|45|18|64
1851|P196|hi116|345|253|224|26|56|74
1852|P671|rn862|190|288|204|8|160|20
1853|P240|xq248|228|159|266|84|1|46
1854|P142|mi623|209|298|102|34|81|9
1855|P449|nc086|239|264|67|75|82|31
1856|P104|dy869|347|158|223|53|52|65
1857|P732|fz800|192|184|265|120|96|182
1858|P159|fp505|107|157|238|44|51|131
1859|P406|qi922|263|122|80|161|21|40
1860|P345|rn139|158|294|74|102|29|32
1861|P815|eg071|254|170|115|186|102|7
1862|P392|tq833|209|79|211|117|5|159
1863|P108|vu477|72|248|86|32|115|8
1864|P195|sb713|237|207|305|26|138|139
1865|P283|wt375|123|169|182|26|1|53
1866|P201|ix658|143|170|147|19|35|89
1867|P270|jp873|170|163|200|3|65|88
1868|P423|nf230|168|141|151|73|52|66
1869|P830|jo965|135|160|116|86|141|5
1870|P338|qy173|242|130|108|59|30|3
1871|P009|gk819|172|112|129|22|17|1
1872|P535|bl965|97|149|207|42|7|123
1873|P671|yi652|185|101|228|52|7|147
1874|P611|qp015|184|345|111|29|180|28
1875|P688|in799|168|315|261|25|94|75
1876|P381|td870|241|263|428|2|63|69
1877|P358|dg889|203|218|219|61|60|162
1878|P983|tr636|283|157|71|17|20|9
1879|P575|wu104|143|180|79|79|60|7
1880|P328|yt643|62|225|219|20|46|115
1881|P286|za947|234|130|184|5|44|100
1882|P073|hu350|304|288|266|57|69|188
1883|P541|cr313|176|145|347|10|37|130
1884|P121|ib672|238|301|378|2|180|61
1885|P526|aw890|125|244|47|16|65|12
1886|P143|ay545|165|196|158|35|56|18
1887|P380|or809|228|179|126|90|142|33
1888|P293|og711|279|200|183|132|101|43
1889|P796|oh070|133|242|241|20|105|156
1890|P217|nr301|179|157|70|58|40|21
1891|P379|kc226|132|133|196|6|25|37
1892|P085|ah542|254|228|107|145|93|32
1893|P423|yn027|151|255|176|32|4|67
1894|P300|mr347|106|142|77|62|62|24
1895|P002|tq979|209|209|326|1|19|8
1896|P089|zt039|242|111|151|46|85|8
1897|P000|bx580|206|247|32|57|133|7
1898|P061|ls740|277|235|230|97|12|78
1899|P858|ux923|166|145|3|140|41|3
1900|P665|xk553|60|127|259|53|79|60
1901|P708|qs103|230|351|369|28|49|115
1902|P133|sp587|212|123|170|18|37|29
1903|P407|st266|111|189|28|43|126|0
1904|P713|ig799|239|221|260|77|18|7
1905|P259|yj300|205|195|120|37|24|13
1906|P014|th356|114|307|361|2|118|60
1907|P121|pn380|66|76|174|3|7|3
1908|P920|im833|200|158|68|74|3|0
1909|P580|kc539|118|185|136|38|66|1
1910|P313|vh923|58|182|47|24|154|3
1911|P248|pq115|182|148|248|66|72|37
1912|P500|vj313|152|221|95|6|56|28
1913|P416|vl932|71|89|245|3|4|54
1914|P906|hk745|292|92|150|93|57|5
1915|P125|ub638|275|185|248|103|0|75
1916|P729|nv793|208|299|199|7|97|58
1917|P857|sz202|91|250|282|5|97|38
1918|P920|xd539|155|52|208|11|4|51
1919|P529|px478|181|242|278|42|92|70
1920|P580|aj551|107|187|276|23|91|28
1921|P066|il309|228|272|285|95|106|59
1922|P763|ly991|62|115|119|17|5|99
1923|P601|ae592|203|176|231|31|32|139
1924|P014|hq866|243|218|95|9|129|52
1925|P088|bl666|101|169|158|40|149|45
1926|P180|bp319|216|171|222|128|86|109
1927|P811|vk715|153|289|263|20|27|96
1928|P233|oi386|105|205|170|0|105|1
1929|P672|od854|232|232|246|53|96|136
1930|P509|zj434|204|219|339|0|57|78
1931|P669|gl503|266|63|244|118|5|148
1932|P185|ux439|145|324|94|3|45|26
1933|P624|cx354|107|251|226|39|180|61
1934|P507|ec420|344|125|152|103|3|3
1935|P500|zm929|269|265|183|122|68|56
1936|P564|pf044|245|184|53|51|86|10
1937|P252|zw212|42|265|237|2|106|72
1938|P992|at121|160|176|220|55|29|75
1939|P384|on702|28|150|188|7|113|68
1940|P489|xi394|161|141|175|29|8|1
1941|P423|ou742|321|190|238|4|49|11
1942|P431|sd470|160|190|157|4|29|79
1943|P675|bn878|183|174|183|99|53|36
1944|P351|th770|86|218|130|5|134|27
1945|P201|wk217|141|146|188|4|3|53
1946|P096|pc700|272|262|232|25|67|39
1947|P510|kj801|195|206|146|39|101|5
1948|P675|ds289|217|293|258|65|40|61
1949|P008|cp266|207|140|240|120|29|111
1950|P490|ye802|259|302|280|23|15|16
1951|P000|pi398|94|181|148|27|137|44
1952|P597|db470|240|228|176|104|106|51
1953|P601|wv263|58|51|89|17|2|11
1954|P092|xn276|275|235|253|20|15|93
1955|P306|gs864|185|83|198|76|9|110
1956|P675|jb239|198|313|157|2|135|36
1957|P734|zm015|169|259|266|60|186|24
1958|P252|jw955|216|216|183|23|71|4
1959|P517|wm594|138|256|214|27|122|104
1960|P995|nb732|183|182|136|26|43|46
1961|P921|qd045|148|140|265|17|31|93
1962|P341|sm034|151|134|250|3|20|79
1963|P234|rs613|315|258|252|29|133|85
1964|P236|yo885|166|154|252|28|30|75
1965|P535|pw214|193|233|247|51|62|92
1966|P082|ki360|66|285|232|5|51|159
1967|P133|nh519|129|140|195|61|26|35
1968|P743|sd383|58|210|41|17|33|4
1969|P216|fy612|115|282|216|49|133|168
1970|P142|lh251|113|289|176|22|107|40
1971|P405|hn605|5|225|221|4|156|45
1972|P188|km134|178|277|185|7|85|11
1973|P024|uu429|214|249|276|63|6|96
1974|P063|gv897|136|271|250|1|74|49
1975|P536|cp882|302|227|138|157|65|21
1976|P414|sk948|169|128|270|5|3|142
1977|P983|mp670|181|145|67|64|36|7
1978|P068|fb005|144|145|194|30|34|32
1979|P161|rg645|302|285|186|133|79|22
1980|P632|gr621|271|297|122|22|78|15
1981|P292|ee481|78|94|32|4|26|3
1982|P908|nx491|139|195|168|22|9|65
1983|P705|pw698|210|135|251|92|14|18
1984|P306|sr398|172|185|213|4|17|16
1985|P732|jg760|206|206|81|7|22|28
1986|P807|bc436|230|288|106|61|50|4
